sample_index,wall_time_s,elapsed_s,video_frame_index,video_path,arm14_row
0,1782728465.934336185,0.000000416,0,videos/head.mp4,0
1,1782728465.949506760,0.013566067,1,videos/head.mp4,1
2,1782728465.977070093,0.028910847,2,videos/head.mp4,2
3,1782728466.007248402,0.056449362,3,videos/head.mp4,3
4,1782728466.040651083,0.087013863,4,videos/head.mp4,4
5,1782728466.074799061,0.120077259,5,videos/head.mp4,5
6,1782728466.108860016,0.154633567,6,videos/head.mp4,6
7,1782728466.143243313,0.188430107,7,videos/head.mp4,7
8,1782728466.176280975,0.222673765,8,videos/head.mp4,8
9,1782728466.209796667,0.255822348,9,videos/head.mp4,9
10,1782728466.243867397,0.289669961,10,videos/head.mp4,10
11,1782728466.274407864,0.323101657,11,videos/head.mp4,11
12,1782728466.304717779,0.354346339,12,videos/head.mp4,12
13,1782728466.343690634,0.384735025,13,videos/head.mp4,13
14,1782728466.377713680,0.423484748,14,videos/head.mp4,14
15,1782728466.410132408,0.457318376,15,videos/head.mp4,15
16,1782728466.443526030,0.489660437,16,videos/head.mp4,16
17,1782728466.476566792,0.522856446,17,videos/head.mp4,17
18,1782728466.511073589,0.556248557,18,videos/head.mp4,18
19,1782728466.543150425,0.590215758,19,videos/head.mp4,19
20,1782728466.576415539,0.622680639,20,videos/head.mp4,20
21,1782728466.609566927,0.655587102,21,videos/head.mp4,21
22,1782728466.641821384,0.689063887,22,videos/head.mp4,22
23,1782728466.676988602,0.721813961,23,videos/head.mp4,23
24,1782728466.704632521,0.756542499,24,videos/head.mp4,24
25,1782728466.744502068,0.784198714,25,videos/head.mp4,25
26,1782728466.777727842,0.823868370,26,videos/head.mp4,26
27,1782728466.810934305,0.856915509,27,videos/head.mp4,27
28,1782728466.883232594,0.890155711,28,videos/head.mp4,28
29,1782728466.892920971,0.962386411,29,videos/head.mp4,29
30,1782728466.939381361,0.972865435,30,videos/head.mp4,30
31,1782728466.969671249,1.019479314,31,videos/head.mp4,31
32,1782728467.004736662,1.049479444,32,videos/head.mp4,32
33,1782728467.040872097,1.084429460,33,videos/head.mp4,33
34,1782728467.074260473,1.120661822,34,videos/head.mp4,34
35,1782728467.108469009,1.153609374,35,videos/head.mp4,35
36,1782728467.137678623,1.187699715,36,videos/head.mp4,36
37,1782728467.175756454,1.217376762,37,videos/head.mp4,37
38,1782728467.208997726,1.255279641,38,videos/head.mp4,38
39,1782728467.242282867,1.288408959,39,videos/head.mp4,39
40,1782728467.275399208,1.322116695,40,videos/head.mp4,40
41,1782728467.307848692,1.354663530,41,videos/head.mp4,41
42,1782728467.336349249,1.387487110,42,videos/head.mp4,42
43,1782728467.374389172,1.416179198,43,videos/head.mp4,43
44,1782728467.403072119,1.453629166,44,videos/head.mp4,44
45,1782728467.437094688,1.482879480,45,videos/head.mp4,45
46,1782728467.470420599,1.516538191,46,videos/head.mp4,46
47,1782728467.506404638,1.549742551,47,videos/head.mp4,47
48,1782728467.536933184,1.585667671,48,videos/head.mp4,48
49,1782728467.576577187,1.616460850,49,videos/head.mp4,49
50,1782728467.609787703,1.656627001,50,videos/head.mp4,50
51,1782728467.644192457,1.689192877,51,videos/head.mp4,51
52,1782728467.677515268,1.723480664,52,videos/head.mp4,52
53,1782728467.708875179,1.756688769,53,videos/head.mp4,53
54,1782728467.742764711,1.788603648,54,videos/head.mp4,54
55,1782728467.776034117,1.822331481,55,videos/head.mp4,55
56,1782728467.808629990,1.855345339,56,videos/head.mp4,56
57,1782728467.841723204,1.887854221,57,videos/head.mp4,57
58,1782728467.875032663,1.921331518,58,videos/head.mp4,58
59,1782728467.909008503,1.954548807,59,videos/head.mp4,59
60,1782728467.964392424,1.988537864,60,videos/head.mp4,60
61,1782728467.974995375,2.043650831,61,videos/head.mp4,61
62,1782728468.007201195,2.054139679,62,videos/head.mp4,62
63,1782728468.041487694,2.087200707,63,videos/head.mp4,63
64,1782728468.075412035,2.121366313,64,videos/head.mp4,64
65,1782728468.109639883,2.154767288,65,videos/head.mp4,65
66,1782728468.142040730,2.189593267,66,videos/head.mp4,66
67,1782728468.176287413,2.221557364,67,videos/head.mp4,67
68,1782728468.209523201,2.256240619,68,videos/head.mp4,68
69,1782728468.243763685,2.289333423,69,videos/head.mp4,69
70,1782728468.277050734,2.323040167,70,videos/head.mp4,70
71,1782728468.310181618,2.356880996,71,videos/head.mp4,71
72,1782728468.337010384,2.389333492,72,videos/head.mp4,72
73,1782728468.377474785,2.416712673,73,videos/head.mp4,73
74,1782728468.410683393,2.457346871,74,videos/head.mp4,74
75,1782728468.444007874,2.489819783,75,videos/head.mp4,75
76,1782728468.476400375,2.523825417,76,videos/head.mp4,76
77,1782728468.511533022,2.556419101,77,videos/head.mp4,77
78,1782728468.542972565,2.590812235,78,videos/head.mp4,78
79,1782728468.576128483,2.622980722,79,videos/head.mp4,79
80,1782728468.609577417,2.655656969,80,videos/head.mp4,80
81,1782728468.644519329,2.688945492,81,videos/head.mp4,81
82,1782728468.678795338,2.723660748,82,videos/head.mp4,82
83,1782728468.711415529,2.758515561,83,videos/head.mp4,83
84,1782728468.738482714,2.791382342,84,videos/head.mp4,84
85,1782728468.779427767,2.818634127,85,videos/head.mp4,85
86,1782728468.813913345,2.859358152,86,videos/head.mp4,86
87,1782728468.847966194,2.893646131,87,videos/head.mp4,87
88,1782728468.879271507,2.927548369,88,videos/head.mp4,88
89,1782728468.912439823,2.958701015,89,videos/head.mp4,89
90,1782728468.946674347,2.991689945,90,videos/head.mp4,90
91,1782728468.979229450,3.026639416,91,videos/head.mp4,91
92,1782728469.066464663,3.058927971,92,videos/head.mp4,92
93,1782728469.078798532,3.146220655,93,videos/head.mp4,93
94,1782728469.110986471,3.158532954,94,videos/head.mp4,94
95,1782728469.145123005,3.190571196,95,videos/head.mp4,95
96,1782728469.173739195,3.224471034,96,videos/head.mp4,96
97,1782728469.212508440,3.252945034,97,videos/head.mp4,97
98,1782728469.246738434,3.292016301,98,videos/head.mp4,98
99,1782728469.279244184,3.325880906,99,videos/head.mp4,99
100,1782728469.312325478,3.358681029,100,videos/head.mp4,100
101,1782728469.346615076,3.391871980,101,videos/head.mp4,101
102,1782728469.378773451,3.426322011,102,videos/head.mp4,102
103,1782728469.412440538,3.458348925,103,videos/head.mp4,103
104,1782728469.445363760,3.491851246,104,videos/head.mp4,104
105,1782728469.478760481,3.525012117,105,videos/head.mp4,105
106,1782728469.511803389,3.557945427,106,videos/head.mp4,106
107,1782728469.544122458,3.590926868,107,videos/head.mp4,107
108,1782728469.574643612,3.623896820,108,videos/head.mp4,108
109,1782728469.611641884,3.654219487,109,videos/head.mp4,109
110,1782728469.645911217,3.691322212,110,videos/head.mp4,110
111,1782728469.680067778,3.725111998,111,videos/head.mp4,111
112,1782728469.713303089,3.759590030,112,videos/head.mp4,112
113,1782728469.746499777,3.792881945,113,videos/head.mp4,113
114,1782728469.779893875,3.826024478,114,videos/head.mp4,114
115,1782728469.812212467,3.859844666,115,videos/head.mp4,115
116,1782728469.845154047,3.892198022,116,videos/head.mp4,116
117,1782728469.879663706,3.925249161,117,videos/head.mp4,117
118,1782728469.912704945,3.958805756,118,videos/head.mp4,118
119,1782728469.944933414,3.992199049,119,videos/head.mp4,119
120,1782728469.973422050,4.024770717,120,videos/head.mp4,120
121,1782728470.012389421,4.053635833,121,videos/head.mp4,121
122,1782728470.045755863,4.092070984,122,videos/head.mp4,122
123,1782728470.081010103,4.125833569,123,videos/head.mp4,123
124,1782728470.154898167,4.160949926,124,videos/head.mp4,124
125,1782728470.166332245,4.234697087,125,videos/head.mp4,125
126,1782728470.210978508,4.245497721,126,videos/head.mp4,126
127,1782728470.244232655,4.291189008,127,videos/head.mp4,127
128,1782728470.276568174,4.323471866,128,videos/head.mp4,128
129,1782728470.309906721,4.356238835,129,videos/head.mp4,129
130,1782728470.343070745,4.389323638,130,videos/head.mp4,130
131,1782728470.376459837,4.422754661,131,videos/head.mp4,131
132,1782728470.404841900,4.456026830,132,videos/head.mp4,132
133,1782728470.443768501,4.484463517,133,videos/head.mp4,133
134,1782728470.478072405,4.523880139,134,videos/head.mp4,134
135,1782728470.512094975,4.557708742,135,videos/head.mp4,135
136,1782728470.544625044,4.591610340,136,videos/head.mp4,136
137,1782728470.577894211,4.624043730,137,videos/head.mp4,137
138,1782728470.611148357,4.657742025,138,videos/head.mp4,138
139,1782728470.643304110,4.690413247,139,videos/head.mp4,139
140,1782728470.677487850,4.723127383,140,videos/head.mp4,140
141,1782728470.710701942,4.757044821,141,videos/head.mp4,141
142,1782728470.745132446,4.790324318,142,videos/head.mp4,142
143,1782728470.777336836,4.824356256,143,videos/head.mp4,143
144,1782728470.805804253,4.856800271,144,videos/head.mp4,144
145,1782728470.846618176,4.885502278,145,videos/head.mp4,145
146,1782728470.878158092,4.925800752,146,videos/head.mp4,146
147,1782728470.913264990,4.957786417,147,videos/head.mp4,147
148,1782728470.944587708,4.992681230,148,videos/head.mp4,148
149,1782728470.977493763,5.023907318,149,videos/head.mp4,149
150,1782728471.010994911,5.056999418,150,videos/head.mp4,150
151,1782728471.045131207,5.090314980,151,videos/head.mp4,151
152,1782728471.077609777,5.124542796,152,videos/head.mp4,152
153,1782728471.109861851,5.156813973,153,videos/head.mp4,153
154,1782728471.140073061,5.189242531,154,videos/head.mp4,154
155,1782728471.172456503,5.219641040,155,videos/head.mp4,155
156,1782728471.242925167,5.252782773,156,videos/head.mp4,156
157,1782728471.252271652,5.322400105,157,videos/head.mp4,157
158,1782728471.313161135,5.331680466,158,videos/head.mp4,158
159,1782728471.346304178,5.392669106,159,videos/head.mp4,159
160,1782728471.378616810,5.425724916,160,videos/head.mp4,160
161,1782728471.412810564,5.458716437,161,videos/head.mp4,161
162,1782728471.446038961,5.492304072,162,videos/head.mp4,162
163,1782728471.479226828,5.525478702,163,videos/head.mp4,163
164,1782728471.511632919,5.559023135,164,videos/head.mp4,164
165,1782728471.544975519,5.591394507,165,videos/head.mp4,165
166,1782728471.579080820,5.624483183,166,videos/head.mp4,166
167,1782728471.614114761,5.658342826,167,videos/head.mp4,167
168,1782728471.642620325,5.693859195,168,videos/head.mp4,168
169,1782728471.680577278,5.721939070,169,videos/head.mp4,169
170,1782728471.713970661,5.760588659,170,videos/head.mp4,170
171,1782728471.749114275,5.793598292,171,videos/head.mp4,171
172,1782728471.781495810,5.828389518,172,videos/head.mp4,172
173,1782728471.815577745,5.860697048,173,videos/head.mp4,173
174,1782728471.847807884,5.894902783,174,videos/head.mp4,174
175,1782728471.882063389,5.927911615,175,videos/head.mp4,175
176,1782728471.916124344,5.961184680,176,videos/head.mp4,176
177,1782728471.940918684,5.995579157,177,videos/head.mp4,177
178,1782728471.977289915,6.020992067,178,videos/head.mp4,178
179,1782728472.012456656,6.056537844,179,videos/head.mp4,179
180,1782728472.042638540,6.091869663,180,videos/head.mp4,180
181,1782728472.080610037,6.122060133,181,videos/head.mp4,181
182,1782728472.116842508,6.160800445,182,videos/head.mp4,182
183,1782728472.150057793,6.196078246,183,videos/head.mp4,183
184,1782728472.181390762,6.229341390,184,videos/head.mp4,184
185,1782728472.214782715,6.261019588,185,videos/head.mp4,185
186,1782728472.247023344,6.294070661,186,videos/head.mp4,186
187,1782728472.280145168,6.326962210,187,videos/head.mp4,187
188,1782728472.351404190,6.360222346,188,videos/head.mp4,188
189,1782728472.362182379,6.430977762,189,videos/head.mp4,189
190,1782728472.413037777,6.441321037,190,videos/head.mp4,190
191,1782728472.445492506,6.492944129,191,videos/head.mp4,191
192,1782728472.474905014,6.525490898,192,videos/head.mp4,192
193,1782728472.514776945,6.554896255,193,videos/head.mp4,193
194,1782728472.547944784,6.594115686,194,videos/head.mp4,194
195,1782728472.581241608,6.627873439,195,videos/head.mp4,195
196,1782728472.613867760,6.660835709,196,videos/head.mp4,196
197,1782728472.647770166,6.693053508,197,videos/head.mp4,197
198,1782728472.679305553,6.727119270,198,videos/head.mp4,198
199,1782728472.713315487,6.759437200,199,videos/head.mp4,199
200,1782728472.748512268,6.792776731,200,videos/head.mp4,200
201,1782728472.779939175,6.827889183,201,videos/head.mp4,201
202,1782728472.813346148,6.859546740,202,videos/head.mp4,202
203,1782728472.848388672,6.893241578,203,videos/head.mp4,203
204,1782728472.874813080,6.927758458,204,videos/head.mp4,204
205,1782728472.915018797,6.953953665,205,videos/head.mp4,205
206,1782728472.947210789,6.994688344,206,videos/head.mp4,206
207,1782728472.981275082,7.026916895,207,videos/head.mp4,207
208,1782728473.012804508,7.060589781,208,videos/head.mp4,208
209,1782728473.045988321,7.092572756,209,videos/head.mp4,209
210,1782728473.079266787,7.125376333,210,videos/head.mp4,210
211,1782728473.113403320,7.159262473,211,videos/head.mp4,211
212,1782728473.147490978,7.192610868,212,videos/head.mp4,212
213,1782728473.180880547,7.226845467,213,videos/head.mp4,213
214,1782728473.212925434,7.260160229,214,videos/head.mp4,214
215,1782728473.246267557,7.293028864,215,videos/head.mp4,215
216,1782728473.274093151,7.326315369,216,videos/head.mp4,216
217,1782728473.314773798,7.353457965,217,videos/head.mp4,217
218,1782728473.348841667,7.394479629,218,videos/head.mp4,218
219,1782728473.382078886,7.428529807,219,videos/head.mp4,219
220,1782728473.467614412,7.461442763,220,videos/head.mp4,220
221,1782728473.480020285,7.547419498,221,videos/head.mp4,221
222,1782728473.513209581,7.560390504,222,videos/head.mp4,222
223,1782728473.546440363,7.593191362,223,videos/head.mp4,223
224,1782728473.579806805,7.625640048,224,videos/head.mp4,224
225,1782728473.614041567,7.659140671,225,videos/head.mp4,225
226,1782728473.647465229,7.693854966,226,videos/head.mp4,226
227,1782728473.679523468,7.726957816,227,videos/head.mp4,227
228,1782728473.708012342,7.759264194,228,videos/head.mp4,228
229,1782728473.747856617,7.787171199,229,videos/head.mp4,229
230,1782728473.781177759,7.827345668,230,videos/head.mp4,230
231,1782728473.814508915,7.860769457,231,videos/head.mp4,231
232,1782728473.847735643,7.894040281,232,videos/head.mp4,232
233,1782728473.880886793,7.927033592,233,videos/head.mp4,233
234,1782728473.914313555,7.960290592,234,videos/head.mp4,234
235,1782728473.947693586,7.993715053,235,videos/head.mp4,235
236,1782728473.980742693,8.027110394,236,videos/head.mp4,236
237,1782728474.012972832,8.060578920,237,videos/head.mp4,237
238,1782728474.046294212,8.092925587,238,videos/head.mp4,238
239,1782728474.080528975,8.126043286,239,videos/head.mp4,239
240,1782728474.108896732,8.160070774,240,videos/head.mp4,240
241,1782728474.149003506,8.188989811,241,videos/head.mp4,241
242,1782728474.181983709,8.228794859,242,videos/head.mp4,242
243,1782728474.216271877,8.261345436,243,videos/head.mp4,243
244,1782728474.247622967,8.295558018,244,videos/head.mp4,244
245,1782728474.281138897,8.327723495,245,videos/head.mp4,245
246,1782728474.315913439,8.360466014,246,videos/head.mp4,246
247,1782728474.347380161,8.395217109,247,videos/head.mp4,247
248,1782728474.381519318,8.427060815,248,videos/head.mp4,248
249,1782728474.415934563,8.460740772,249,videos/head.mp4,249
250,1782728474.447297335,8.495260020,250,videos/head.mp4,250
251,1782728474.480468273,8.526840614,251,videos/head.mp4,251
252,1782728474.574336767,8.559629054,252,videos/head.mp4,252
253,1782728474.586745024,8.653942278,253,videos/head.mp4,253
254,1782728474.614354134,8.666531225,254,videos/head.mp4,254
255,1782728474.647510290,8.693830274,255,videos/head.mp4,255
256,1782728474.679937601,8.727096873,256,videos/head.mp4,256
257,1782728474.715016842,8.759615705,257,videos/head.mp4,257
258,1782728474.746401548,8.794302158,258,videos/head.mp4,258
259,1782728474.780537128,8.826493972,259,videos/head.mp4,259
260,1782728474.813629627,8.859964674,260,videos/head.mp4,260
261,1782728474.842216253,8.893545364,261,videos/head.mp4,261
262,1782728474.882366896,8.921393934,262,videos/head.mp4,262
263,1782728474.912673950,8.962233160,263,videos/head.mp4,263
264,1782728474.942123175,8.992449070,264,videos/head.mp4,264
265,1782728474.976117134,9.022047617,265,videos/head.mp4,265
266,1782728475.017127991,9.055699893,266,videos/head.mp4,266
267,1782728475.050361156,9.096680915,267,videos/head.mp4,267
268,1782728475.083863735,9.129798870,268,videos/head.mp4,268
269,1782728475.116828918,9.163208962,269,videos/head.mp4,269
270,1782728475.150193691,9.196209313,270,videos/head.mp4,270
271,1782728475.182566881,9.229657742,271,videos/head.mp4,271
272,1782728475.216778994,9.262503592,272,videos/head.mp4,272
273,1782728475.250106335,9.296294176,273,videos/head.mp4,273
274,1782728475.283238411,9.329812016,274,videos/head.mp4,274
275,1782728475.317256451,9.362626728,275,videos/head.mp4,275
276,1782728475.344960451,9.396896368,276,videos/head.mp4,276
277,1782728475.383913040,9.424752586,277,videos/head.mp4,277
278,1782728475.417099237,9.463606564,278,videos/head.mp4,278
279,1782728475.450169802,9.496951246,279,videos/head.mp4,279
280,1782728475.483637094,9.530334937,280,videos/head.mp4,280
281,1782728475.516898155,9.563215700,281,videos/head.mp4,281
282,1782728475.552041769,9.596182418,282,videos/head.mp4,282
283,1782728475.583409309,9.631527100,283,videos/head.mp4,283
284,1782728475.682182550,9.663098157,284,videos/head.mp4,284
285,1782728475.697451830,9.761355794,285,videos/head.mp4,285
286,1782728475.719147921,9.776594489,286,videos/head.mp4,286
287,1782728475.750687838,9.798844064,287,videos/head.mp4,287
288,1782728475.776053905,9.829913122,288,videos/head.mp4,288
289,1782728475.818056822,9.855849119,289,videos/head.mp4,289
290,1782728475.851419687,9.897395055,290,videos/head.mp4,290
291,1782728475.885387182,9.931374957,291,videos/head.mp4,291
292,1782728475.918615103,9.965272040,292,videos/head.mp4,292
293,1782728475.951885223,9.998693909,293,videos/head.mp4,293
294,1782728475.985140324,10.031984189,294,videos/head.mp4,294
295,1782728476.017503738,10.064418090,295,videos/head.mp4,295
296,1782728476.050915480,10.097428713,296,videos/head.mp4,296
297,1782728476.084105492,10.130444904,297,videos/head.mp4,297
298,1782728476.117310047,10.163903733,298,videos/head.mp4,298
299,1782728476.150453806,10.197027671,299,videos/head.mp4,299
300,1782728476.177158356,10.230610601,300,videos/head.mp4,300
301,1782728476.219016075,10.257144985,301,videos/head.mp4,301
302,1782728476.252039671,10.298179096,302,videos/head.mp4,302
303,1782728476.285448551,10.331890861,303,videos/head.mp4,303
304,1782728476.318802834,10.365217110,304,videos/head.mp4,304
305,1782728476.351058483,10.398135698,305,videos/head.mp4,305
306,1782728476.385123014,10.431002732,306,videos/head.mp4,306
307,1782728476.418300629,10.464468057,307,videos/head.mp4,307
308,1782728476.452544928,10.497864581,308,videos/head.mp4,308
309,1782728476.485735655,10.531816578,309,videos/head.mp4,309
310,1782728476.518284798,10.565006630,310,videos/head.mp4,310
311,1782728476.551457167,10.598140521,311,videos/head.mp4,311
312,1782728476.577839613,10.631215530,312,videos/head.mp4,312
313,1782728476.618731499,10.657364077,313,videos/head.mp4,313
314,1782728476.653156757,10.698448814,314,videos/head.mp4,314
315,1782728476.686491966,10.732656275,315,videos/head.mp4,315
316,1782728476.782504082,10.766177635,316,videos/head.mp4,316
317,1782728476.796543598,10.862064475,317,videos/head.mp4,317
318,1782728476.848748446,10.875817394,318,videos/head.mp4,318
319,1782728476.883952379,10.928480293,319,videos/head.mp4,319
320,1782728476.917968035,10.963733355,320,videos/head.mp4,320
321,1782728476.950485706,10.997255419,321,videos/head.mp4,321
322,1782728476.982624054,11.029740905,322,videos/head.mp4,322
323,1782728477.015801668,11.061992047,323,videos/head.mp4,323
324,1782728477.042469978,11.095361881,324,videos/head.mp4,324
325,1782728477.085272074,11.121881257,325,videos/head.mp4,325
326,1782728477.117590427,11.164519739,326,videos/head.mp4,326
327,1782728477.150824308,11.197368788,327,videos/head.mp4,327
328,1782728477.182264805,11.230068425,328,videos/head.mp4,328
329,1782728477.216306448,11.262161610,329,videos/head.mp4,329
330,1782728477.249638557,11.295473970,330,videos/head.mp4,330
331,1782728477.283081293,11.329093924,331,videos/head.mp4,331
332,1782728477.316125154,11.362376267,332,videos/head.mp4,332
333,1782728477.349318504,11.396127681,333,videos/head.mp4,333
334,1782728477.381679058,11.429096158,334,videos/head.mp4,334
335,1782728477.415952682,11.461523946,335,videos/head.mp4,335
336,1782728477.441617489,11.495603755,336,videos/head.mp4,336
337,1782728477.484401226,11.521479589,337,videos/head.mp4,337
338,1782728477.517623901,11.564334814,338,videos/head.mp4,338
339,1782728477.549875498,11.596804524,339,videos/head.mp4,339
340,1782728477.583041906,11.629899821,340,videos/head.mp4,340
341,1782728477.617264748,11.662739750,341,videos/head.mp4,341
342,1782728477.649725437,11.696780709,342,videos/head.mp4,342
343,1782728477.682764530,11.729077997,343,videos/head.mp4,343
344,1782728477.716073036,11.762657950,344,videos/head.mp4,344
345,1782728477.749266624,11.795898915,345,videos/head.mp4,345
346,1782728477.783580303,11.829330639,346,videos/head.mp4,346
347,1782728477.872898579,11.862706041,347,videos/head.mp4,347
348,1782728477.878569841,11.952034463,348,videos/head.mp4,348
349,1782728477.918554544,11.958096033,349,videos/head.mp4,349
350,1782728477.950974226,11.998531372,350,videos/head.mp4,350
351,1782728477.984089851,12.030278114,351,videos/head.mp4,351
352,1782728478.017017126,12.063405989,352,videos/head.mp4,352
353,1782728478.050518036,12.096355169,353,videos/head.mp4,353
354,1782728478.082848310,12.129779116,354,videos/head.mp4,354
355,1782728478.115999937,12.162899438,355,videos/head.mp4,355
356,1782728478.150189638,12.196014928,356,videos/head.mp4,356
357,1782728478.183382750,12.229705059,357,videos/head.mp4,357
358,1782728478.216753006,12.262778339,358,videos/head.mp4,358
359,1782728478.250160933,12.296469079,359,videos/head.mp4,359
360,1782728478.276553154,12.329891107,360,videos/head.mp4,360
361,1782728478.319323063,12.356002180,361,videos/head.mp4,361
362,1782728478.351775646,12.398591924,362,videos/head.mp4,362
363,1782728478.384911537,12.431016704,363,videos/head.mp4,363
364,1782728478.417334080,12.464525166,364,videos/head.mp4,364
365,1782728478.449639320,12.496870039,365,videos/head.mp4,365
366,1782728478.484591007,12.529530730,366,videos/head.mp4,366
367,1782728478.516148567,12.563776975,367,videos/head.mp4,367
368,1782728478.549095154,12.595799822,368,videos/head.mp4,368
369,1782728478.583615780,12.629280699,369,videos/head.mp4,369
370,1782728478.615671158,12.663207478,370,videos/head.mp4,370
371,1782728478.648809195,12.694948684,371,videos/head.mp4,371
372,1782728478.676555157,12.728624703,372,videos/head.mp4,372
373,1782728478.718223810,12.756213264,373,videos/head.mp4,373
374,1782728478.749578953,12.798251215,374,videos/head.mp4,374
375,1782728478.783982992,12.828778910,375,videos/head.mp4,375
376,1782728478.820776224,12.863250058,376,videos/head.mp4,376
377,1782728478.853269339,12.899961855,377,videos/head.mp4,377
378,1782728478.887712479,12.932775063,378,videos/head.mp4,378
379,1782728478.976496220,12.967592814,379,videos/head.mp4,379
380,1782728478.990143538,13.056205116,380,videos/head.mp4,380
381,1782728479.017477036,13.069608648,381,videos/head.mp4,381
382,1782728479.052664518,13.097014451,382,videos/head.mp4,382
383,1782728479.086061478,13.132227511,383,videos/head.mp4,383
384,1782728479.111829996,13.165741893,384,videos/head.mp4,384
385,1782728479.153483868,13.191459066,385,videos/head.mp4,385
386,1782728479.186751604,13.233111340,386,videos/head.mp4,386
387,1782728479.220881701,13.266671803,387,videos/head.mp4,387
388,1782728479.253288507,13.300223626,388,videos/head.mp4,388
389,1782728479.286474228,13.333034145,389,videos/head.mp4,389
390,1782728479.319619179,13.366435340,390,videos/head.mp4,390
391,1782728479.353030682,13.399231299,391,videos/head.mp4,391
392,1782728479.386160612,13.432888149,392,videos/head.mp4,392
393,1782728479.419505119,13.465941140,393,videos/head.mp4,393
394,1782728479.452536106,13.499020052,394,videos/head.mp4,394
395,1782728479.485941410,13.532440575,395,videos/head.mp4,395
396,1782728479.512654066,13.565869354,396,videos/head.mp4,396
397,1782728479.554327488,13.592142001,397,videos/head.mp4,397
398,1782728479.588442087,13.633462904,398,videos/head.mp4,398
399,1782728479.621818781,13.668138123,399,videos/head.mp4,399
400,1782728479.654022932,13.701364239,400,videos/head.mp4,400
401,1782728479.687379599,13.733295883,401,videos/head.mp4,401
402,1782728479.719834805,13.766521167,402,videos/head.mp4,402
403,1782728479.753707886,13.799802678,403,videos/head.mp4,403
404,1782728479.787037134,13.833408679,404,videos/head.mp4,404
405,1782728479.821284294,13.866666348,405,videos/head.mp4,405
406,1782728479.854523897,13.900678282,406,videos/head.mp4,406
407,1782728479.886990547,13.934013874,407,videos/head.mp4,407
408,1782728479.913304329,13.966868139,408,videos/head.mp4,408
409,1782728479.954308033,13.992666306,409,videos/head.mp4,409
410,1782728479.988676071,14.034386678,410,videos/head.mp4,410
411,1782728480.088020086,14.068654268,411,videos/head.mp4,411
412,1782728480.100687265,14.167309129,412,videos/head.mp4,412
413,1782728480.118648291,14.180624977,413,videos/head.mp4,413
414,1782728480.152848959,14.197789653,414,videos/head.mp4,414
415,1782728480.187067509,14.232806387,415,videos/head.mp4,415
416,1782728480.220277309,14.266606473,416,videos/head.mp4,416
417,1782728480.253408670,14.299519268,417,videos/head.mp4,417
418,1782728480.287736654,14.332723111,418,videos/head.mp4,418
419,1782728480.320054770,14.367053199,419,videos/head.mp4,419
420,1782728480.345607281,14.399759266,420,videos/head.mp4,420
421,1782728480.388484240,14.425711423,421,videos/head.mp4,421
422,1782728480.420585632,14.467824958,422,videos/head.mp4,422
423,1782728480.454033852,14.500412910,423,videos/head.mp4,423
424,1782728480.488225937,14.534000126,424,videos/head.mp4,424
425,1782728480.521515369,14.567486571,425,videos/head.mp4,425
426,1782728480.553685904,14.600868116,426,videos/head.mp4,426
427,1782728480.587039948,14.633757806,427,videos/head.mp4,427
428,1782728480.621224880,14.666705897,428,videos/head.mp4,428
429,1782728480.654478550,14.700594243,429,videos/head.mp4,429
430,1782728480.687691927,14.733601472,430,videos/head.mp4,430
431,1782728480.721861601,14.767718785,431,videos/head.mp4,431
432,1782728480.747504711,14.801207725,432,videos/head.mp4,432
433,1782728480.786346674,14.827218635,433,videos/head.mp4,433
434,1782728480.818925142,14.866320011,434,videos/head.mp4,434
435,1782728480.852004766,14.898436076,435,videos/head.mp4,435
436,1782728480.886240244,14.932035068,436,videos/head.mp4,436
437,1782728480.919545174,14.966147741,437,videos/head.mp4,437
438,1782728480.953706264,14.999220476,438,videos/head.mp4,438
439,1782728480.986904383,15.032896751,439,videos/head.mp4,439
440,1782728481.019066095,15.066880267,440,videos/head.mp4,440
441,1782728481.053329468,15.099015693,441,videos/head.mp4,441
442,1782728481.086765766,15.133294834,442,videos/head.mp4,442
443,1782728481.157979250,15.166424275,443,videos/head.mp4,443
444,1782728481.163907528,15.237111394,444,videos/head.mp4,444
445,1782728481.221618414,15.243549455,445,videos/head.mp4,445
446,1782728481.254000187,15.300757456,446,videos/head.mp4,446
447,1782728481.287251472,15.333392993,447,videos/head.mp4,447
448,1782728481.320498943,15.366831980,448,videos/head.mp4,448
449,1782728481.355416536,15.399796232,449,videos/head.mp4,449
450,1782728481.387704611,15.435084301,450,videos/head.mp4,450
451,1782728481.421001673,15.467629116,451,videos/head.mp4,451
452,1782728481.454419374,15.501057894,452,videos/head.mp4,452
453,1782728481.487520218,15.534073347,453,videos/head.mp4,453
454,1782728481.520905733,15.567637042,454,videos/head.mp4,454
455,1782728481.554218531,15.600684528,455,videos/head.mp4,455
456,1782728481.582651377,15.633631211,456,videos/head.mp4,456
457,1782728481.620668888,15.662336191,457,videos/head.mp4,457
458,1782728481.656585932,15.700752361,458,videos/head.mp4,458
459,1782728481.687931061,15.735712260,459,videos/head.mp4,459
460,1782728481.721294165,15.767843365,460,videos/head.mp4,460
461,1782728481.754683971,15.800862882,461,videos/head.mp4,461
462,1782728481.788929939,15.834043557,462,videos/head.mp4,462
463,1782728481.821143627,15.868335435,463,videos/head.mp4,463
464,1782728481.856090546,15.901124993,464,videos/head.mp4,464
465,1782728481.887645245,15.935324484,465,videos/head.mp4,465
466,1782728481.919845104,15.967330017,466,videos/head.mp4,466
467,1782728481.953099251,15.999607718,467,videos/head.mp4,467
468,1782728481.982578993,16.032827850,468,videos/head.mp4,468
469,1782728482.021296024,16.061894793,469,videos/head.mp4,469
470,1782728482.053851843,16.101243792,470,videos/head.mp4,470
471,1782728482.085073709,16.133300463,471,videos/head.mp4,471
472,1782728482.120495558,16.164702424,472,videos/head.mp4,472
473,1782728482.152385473,16.199694356,473,videos/head.mp4,473
474,1782728482.186703682,16.232205601,474,videos/head.mp4,474
475,1782728482.232521534,16.265893075,475,videos/head.mp4,475
476,1782728482.267413855,16.311936879,476,videos/head.mp4,476
477,1782728482.283801317,16.347249397,477,videos/head.mp4,477
478,1782728482.317925215,16.363132176,478,videos/head.mp4,478
479,1782728482.352280140,16.397148269,479,videos/head.mp4,479
480,1782728482.380599976,16.432125192,480,videos/head.mp4,480
481,1782728482.420493841,16.459771162,481,videos/head.mp4,481
482,1782728482.448996305,16.500469900,482,videos/head.mp4,482
483,1782728482.485912800,16.528807507,483,videos/head.mp4,483
484,1782728482.514614105,16.565212540,484,videos/head.mp4,484
485,1782728482.546835423,16.594449697,485,videos/head.mp4,485
486,1782728482.580035210,16.626634787,486,videos/head.mp4,486
487,1782728482.612354040,16.659346070,487,videos/head.mp4,487
488,1782728482.646358728,16.692146860,488,videos/head.mp4,488
489,1782728482.679713249,16.726223563,489,videos/head.mp4,489
490,1782728482.712907553,16.758848283,490,videos/head.mp4,490
491,1782728482.747183561,16.792044190,491,videos/head.mp4,491
492,1782728482.784297705,16.826635533,492,videos/head.mp4,492
493,1782728482.822416544,16.863531686,493,videos/head.mp4,493
494,1782728482.854595661,16.902314395,494,videos/head.mp4,494
495,1782728482.887948513,16.934751557,495,videos/head.mp4,495
496,1782728482.919213057,16.967307731,496,videos/head.mp4,496
497,1782728482.950552464,16.998676700,497,videos/head.mp4,497
498,1782728482.987626076,17.030149991,498,videos/head.mp4,498
499,1782728483.021041155,17.067059328,499,videos/head.mp4,499
500,1782728483.054120302,17.100487082,500,videos/head.mp4,500
501,1782728483.087472916,17.134138811,501,videos/head.mp4,501
502,1782728483.120687723,17.167266203,502,videos/head.mp4,502
503,1782728483.152831078,17.200251671,503,videos/head.mp4,503
504,1782728483.184372663,17.232684864,504,videos/head.mp4,504
505,1782728483.224075317,17.264454965,505,videos/head.mp4,505
506,1782728483.256312609,17.303546356,506,videos/head.mp4,506
507,1782728483.332447052,17.335887867,507,videos/head.mp4,507
508,1782728483.339951038,17.411899570,508,videos/head.mp4,508
509,1782728483.385598183,17.419121208,509,videos/head.mp4,509
510,1782728483.421821594,17.465667844,510,videos/head.mp4,510
511,1782728483.454861641,17.501235986,511,videos/head.mp4,511
512,1782728483.488347530,17.534794976,512,videos/head.mp4,512
513,1782728483.521652699,17.567992930,513,videos/head.mp4,513
514,1782728483.554852247,17.601050336,514,videos/head.mp4,514
515,1782728483.587900162,17.634578381,515,videos/head.mp4,515
516,1782728483.618260145,17.667697356,516,videos/head.mp4,516
517,1782728483.656502962,17.697558084,517,videos/head.mp4,517
518,1782728483.689615965,17.736293175,518,videos/head.mp4,518
519,1782728483.722124100,17.769229393,519,videos/head.mp4,519
520,1782728483.755989552,17.801695964,520,videos/head.mp4,520
521,1782728483.782708645,17.835343053,521,videos/head.mp4,521
522,1782728483.821560860,17.862484046,522,videos/head.mp4,522
523,1782728483.854975700,17.900826996,523,videos/head.mp4,523
524,1782728483.887603045,17.934110233,524,videos/head.mp4,524
525,1782728483.921539783,17.967294587,525,videos/head.mp4,525
526,1782728483.955622911,18.000817928,526,videos/head.mp4,526
527,1782728483.986973524,18.034770722,527,videos/head.mp4,527
528,1782728484.017291546,18.066877890,528,videos/head.mp4,528
529,1782728484.056400061,18.097145991,529,videos/head.mp4,529
530,1782728484.089516878,18.135645906,530,videos/head.mp4,530
531,1782728484.123692513,18.169094748,531,videos/head.mp4,531
532,1782728484.155097961,18.203030485,532,videos/head.mp4,532
533,1782728484.188319683,18.234364220,533,videos/head.mp4,533
534,1782728484.220808744,18.267467835,534,videos/head.mp4,534
535,1782728484.254840374,18.300748511,535,videos/head.mp4,535
536,1782728484.288199425,18.334015812,536,videos/head.mp4,536
537,1782728484.322309732,18.367815737,537,videos/head.mp4,537
538,1782728484.354607582,18.401738930,538,videos/head.mp4,538
539,1782728484.429826498,18.433914515,539,videos/head.mp4,539
540,1782728484.435296535,18.508956363,540,videos/head.mp4,540
541,1782728484.490449429,18.515395256,541,videos/head.mp4,541
542,1782728484.522854090,18.570249740,542,videos/head.mp4,542
543,1782728484.555886030,18.602633396,543,videos/head.mp4,543
544,1782728484.589212656,18.635367431,544,videos/head.mp4,544
545,1782728484.621598244,18.669035960,545,videos/head.mp4,545
546,1782728484.655015230,18.701509763,546,videos/head.mp4,546
547,1782728484.688215256,18.734868554,547,videos/head.mp4,547
548,1782728484.722118378,18.767690048,548,videos/head.mp4,548
549,1782728484.755598307,18.801804255,549,videos/head.mp4,549
550,1782728484.788734913,18.834840540,550,videos/head.mp4,550
551,1782728484.820286989,18.868615344,551,videos/head.mp4,551
552,1782728484.850428343,18.899898709,552,videos/head.mp4,552
553,1782728484.889566660,18.930111352,553,videos/head.mp4,553
554,1782728484.921709538,18.968896268,554,videos/head.mp4,554
555,1782728484.955019236,19.000990315,555,videos/head.mp4,555
556,1782728484.987501383,19.035145484,556,videos/head.mp4,556
557,1782728485.020537138,19.066925632,557,videos/head.mp4,557
558,1782728485.053737164,19.099853146,558,videos/head.mp4,558
559,1782728485.087212324,19.133027738,559,videos/head.mp4,559
560,1782728485.120352745,19.166572647,560,videos/head.mp4,560
561,1782728485.153630257,19.200037745,561,videos/head.mp4,561
562,1782728485.187797785,19.233501147,562,videos/head.mp4,562
563,1782728485.222760677,19.267832929,563,videos/head.mp4,563
564,1782728485.252317905,19.302572532,564,videos/head.mp4,564
565,1782728485.290502548,19.331490029,565,videos/head.mp4,565
566,1782728485.322856188,19.370125212,566,videos/head.mp4,566
567,1782728485.354878902,19.402322686,567,videos/head.mp4,567
568,1782728485.389069319,19.434435197,568,videos/head.mp4,568
569,1782728485.421570539,19.468233265,569,videos/head.mp4,569
570,1782728485.454706907,19.501247533,570,videos/head.mp4,570
571,1782728485.533488750,19.534389389,571,videos/head.mp4,571
572,1782728485.543891907,19.612905426,572,videos/head.mp4,572
573,1782728485.588558912,19.623669897,573,videos/head.mp4,573
574,1782728485.621966839,19.667979117,574,videos/head.mp4,574
575,1782728485.655019999,19.701301555,575,videos/head.mp4,575
576,1782728485.683504581,19.734836351,576,videos/head.mp4,576
577,1782728485.723739147,19.763325546,577,videos/head.mp4,577
578,1782728485.755991697,19.802973594,578,videos/head.mp4,578
579,1782728485.789084673,19.835642090,579,videos/head.mp4,579
580,1782728485.825311184,19.868989937,580,videos/head.mp4,580
581,1782728485.855492353,19.904500188,581,videos/head.mp4,581
582,1782728485.888809204,19.934849859,582,videos/head.mp4,582
583,1782728485.922186852,19.968211850,583,videos/head.mp4,583
584,1782728485.955332041,20.001630450,584,videos/head.mp4,584
585,1782728485.987786293,20.035401190,585,videos/head.mp4,585
586,1782728486.023601770,20.067659754,586,videos/head.mp4,586
587,1782728486.055086374,20.103402140,587,videos/head.mp4,587
588,1782728486.084737062,20.134874695,588,videos/head.mp4,588
589,1782728486.123702765,20.164663483,589,videos/head.mp4,589
590,1782728486.155874968,20.203456879,590,videos/head.mp4,590
591,1782728486.189944506,20.235070622,591,videos/head.mp4,591
592,1782728486.221475363,20.270012439,592,videos/head.mp4,592
593,1782728486.251840830,20.301520706,593,videos/head.mp4,593
594,1782728486.289009809,20.331244597,594,videos/head.mp4,594
595,1782728486.322165012,20.368254031,595,videos/head.mp4,595
596,1782728486.349599600,20.401299372,596,videos/head.mp4,596
597,1782728486.387546062,20.429570352,597,videos/head.mp4,597
598,1782728486.424746275,20.467127580,598,videos/head.mp4,598
599,1782728486.455924511,20.503902831,599,videos/head.mp4,599
600,1782728486.484519482,20.535391450,600,videos/head.mp4,600
601,1782728486.523410797,20.563833540,601,videos/head.mp4,601
602,1782728486.556766033,20.602692634,602,videos/head.mp4,602
603,1782728486.613879442,20.636576273,603,videos/head.mp4,603
604,1782728486.628138542,20.693661003,604,videos/head.mp4,604
605,1782728486.651795387,20.707333566,605,videos/head.mp4,605
606,1782728486.686034203,20.731337819,606,videos/head.mp4,606
607,1782728486.720235825,20.765731426,607,videos/head.mp4,607
608,1782728486.754331112,20.800256461,608,videos/head.mp4,608
609,1782728486.787509680,20.833479887,609,videos/head.mp4,609
610,1782728486.820764780,20.867117247,610,videos/head.mp4,610
611,1782728486.854961634,20.900579240,611,videos/head.mp4,611
612,1782728486.885460138,20.934082387,612,videos/head.mp4,612
613,1782728486.924483776,20.964795173,613,videos/head.mp4,613
614,1782728486.954618931,21.003852865,614,videos/head.mp4,614
615,1782728486.989971399,21.034045475,615,videos/head.mp4,615
616,1782728487.023241520,21.069791701,616,videos/head.mp4,616
617,1782728487.056328535,21.102676684,617,videos/head.mp4,617
618,1782728487.089888096,21.136238713,618,videos/head.mp4,618
619,1782728487.122742414,21.169737155,619,videos/head.mp4,619
620,1782728487.156224966,21.202174124,620,videos/head.mp4,620
621,1782728487.190476894,21.236054307,621,videos/head.mp4,621
622,1782728487.223736763,21.270036733,622,videos/head.mp4,622
623,1782728487.256972790,21.303056184,623,videos/head.mp4,623
624,1782728487.287224531,21.336603172,624,videos/head.mp4,624
625,1782728487.325232983,21.366958282,625,videos/head.mp4,625
626,1782728487.358652592,21.405049991,626,videos/head.mp4,626
627,1782728487.390868187,21.438051554,627,videos/head.mp4,627
628,1782728487.423053503,21.470541708,628,videos/head.mp4,628
629,1782728487.457240582,21.503222204,629,videos/head.mp4,629
630,1782728487.490715742,21.536567650,630,videos/head.mp4,630
631,1782728487.523985863,21.570686784,631,videos/head.mp4,631
632,1782728487.557245016,21.603619897,632,videos/head.mp4,632
633,1782728487.590402365,21.636931549,633,videos/head.mp4,633
634,1782728487.623724461,21.670211841,634,videos/head.mp4,634
635,1782728487.705396414,21.703024214,635,videos/head.mp4,635
636,1782728487.714913845,21.785460406,636,videos/head.mp4,636
637,1782728487.758524418,21.794718461,637,videos/head.mp4,637
638,1782728487.791715384,21.838335945,638,videos/head.mp4,638
639,1782728487.822229862,21.871664334,639,videos/head.mp4,639
640,1782728487.858351707,21.901651273,640,videos/head.mp4,640
641,1782728487.890443325,21.938160179,641,videos/head.mp4,641
642,1782728487.924623966,21.970526682,642,videos/head.mp4,642
643,1782728487.956088781,22.004161481,643,videos/head.mp4,643
644,1782728487.991218805,22.035935644,644,videos/head.mp4,644
645,1782728488.023634911,22.071174110,645,videos/head.mp4,645
646,1782728488.057794809,22.103687689,646,videos/head.mp4,646
647,1782728488.091744184,22.137139858,647,videos/head.mp4,647
648,1782728488.122469425,22.170871427,648,videos/head.mp4,648
649,1782728488.160378933,22.202056964,649,videos/head.mp4,649
650,1782728488.192718506,22.239542893,650,videos/head.mp4,650
651,1782728488.225903511,22.272271070,651,videos/head.mp4,651
652,1782728488.260026932,22.305346107,652,videos/head.mp4,652
653,1782728488.291301012,22.339333013,653,videos/head.mp4,653
654,1782728488.324863195,22.371049894,654,videos/head.mp4,654
655,1782728488.358039141,22.404505647,655,videos/head.mp4,655
656,1782728488.392002344,22.437668174,656,videos/head.mp4,656
657,1782728488.425392151,22.471608391,657,videos/head.mp4,657
658,1782728488.458739042,22.504552671,658,videos/head.mp4,658
659,1782728488.490864992,22.537892708,659,videos/head.mp4,659
660,1782728488.523373604,22.570606325,660,videos/head.mp4,660
661,1782728488.561280012,22.602656913,661,videos/head.mp4,661
662,1782728488.593669415,22.640921619,662,videos/head.mp4,662
663,1782728488.626886606,22.672806058,663,videos/head.mp4,663
664,1782728488.658217669,22.706077645,664,videos/head.mp4,664
665,1782728488.692491531,22.738067719,665,videos/head.mp4,665
666,1782728488.725581408,22.771723958,666,videos/head.mp4,666
667,1782728488.789354324,22.805145822,667,videos/head.mp4,667
668,1782728488.797046185,22.868782439,668,videos/head.mp4,668
669,1782728488.858714104,22.876680098,669,videos/head.mp4,669
670,1782728488.890769243,22.938027011,670,videos/head.mp4,670
671,1782728488.924251795,22.970235812,671,videos/head.mp4,671
672,1782728488.955604553,23.003636651,672,videos/head.mp4,672
673,1782728488.993633747,23.034940591,673,videos/head.mp4,673
674,1782728489.025818825,23.073177136,674,videos/head.mp4,674
675,1782728489.058007717,23.105969060,675,videos/head.mp4,675
676,1782728489.090335369,23.137315881,676,videos/head.mp4,676
677,1782728489.123613358,23.170111132,677,videos/head.mp4,677
678,1782728489.158865929,23.203464929,678,videos/head.mp4,678
679,1782728489.191173553,23.238164689,679,videos/head.mp4,679
680,1782728489.225356579,23.271143115,680,videos/head.mp4,680
681,1782728489.259618282,23.304780153,681,videos/head.mp4,681
682,1782728489.291869164,23.338792819,682,videos/head.mp4,682
683,1782728489.325113535,23.371812269,683,videos/head.mp4,683
684,1782728489.356254578,23.405134322,684,videos/head.mp4,684
685,1782728489.392515421,23.436176621,685,videos/head.mp4,685
686,1782728489.425974369,23.472743929,686,videos/head.mp4,686
687,1782728489.458108187,23.505391207,687,videos/head.mp4,687
688,1782728489.491390467,23.537487589,688,videos/head.mp4,688
689,1782728489.524517536,23.571081713,689,videos/head.mp4,689
690,1782728489.558847904,23.603872741,690,videos/head.mp4,690
691,1782728489.591085196,23.638435632,691,videos/head.mp4,691
692,1782728489.624186993,23.670483308,692,videos/head.mp4,692
693,1782728489.659406424,23.704143835,693,videos/head.mp4,693
694,1782728489.690611601,23.738943310,694,videos/head.mp4,694
695,1782728489.726106167,23.770672479,695,videos/head.mp4,695
696,1782728489.756511450,23.805779484,696,videos/head.mp4,696
697,1782728489.794486761,23.836245190,697,videos/head.mp4,697
698,1782728489.828413963,23.874328001,698,videos/head.mp4,698
699,1782728489.900849104,23.907865132,699,videos/head.mp4,699
700,1782728489.909326315,23.980365935,700,videos/head.mp4,700
701,1782728489.956702948,23.988559892,701,videos/head.mp4,701
702,1782728489.986275911,24.036918966,702,videos/head.mp4,702
703,1782728490.017555475,24.065965618,703,videos/head.mp4,703
704,1782728490.057697058,24.097258582,704,videos/head.mp4,704
705,1782728490.091895103,24.137475477,705,videos/head.mp4,705
706,1782728490.118329048,24.171817145,706,videos/head.mp4,706
707,1782728490.156114101,24.197574828,707,videos/head.mp4,707
708,1782728490.190505266,24.235422624,708,videos/head.mp4,708
709,1782728490.229374409,24.270071950,709,videos/head.mp4,709
710,1782728490.261948586,24.308619480,710,videos/head.mp4,710
711,1782728490.293228149,24.341450988,711,videos/head.mp4,711
712,1782728490.327135801,24.373002328,712,videos/head.mp4,712
713,1782728490.358552694,24.407089748,713,videos/head.mp4,713
714,1782728490.391985893,24.438370103,714,videos/head.mp4,714
715,1782728490.425225019,24.471907009,715,videos/head.mp4,715
716,1782728490.459428310,24.505088065,716,videos/head.mp4,716
717,1782728490.493348598,24.539075450,717,videos/head.mp4,717
718,1782728490.525844336,24.572872749,718,videos/head.mp4,718
719,1782728490.559096098,24.605070605,719,videos/head.mp4,719
720,1782728490.589431763,24.638761340,720,videos/head.mp4,720
721,1782728490.629263878,24.669248774,721,videos/head.mp4,721
722,1782728490.660721779,24.709210077,722,videos/head.mp4,722
723,1782728490.693090200,24.740636804,723,videos/head.mp4,723
724,1782728490.726333141,24.772927943,724,videos/head.mp4,724
725,1782728490.759461403,24.805715450,725,videos/head.mp4,725
726,1782728490.792801142,24.838910202,726,videos/head.mp4,726
727,1782728490.825866699,24.872527719,727,videos/head.mp4,727
728,1782728490.858468771,24.905259032,728,videos/head.mp4,728
729,1782728490.892598391,24.937986921,729,videos/head.mp4,729
730,1782728490.927865267,24.972329517,730,videos/head.mp4,730
731,1782728491.001840115,25.007695058,731,videos/head.mp4,731
732,1782728491.007446766,25.081432123,732,videos/head.mp4,732
733,1782728491.061735392,25.087449979,733,videos/head.mp4,733
734,1782728491.093068838,25.140947168,734,videos/head.mp4,734
735,1782728491.123381853,25.172703569,735,videos/head.mp4,735
736,1782728491.158464432,25.203503141,736,videos/head.mp4,736
737,1782728491.192833185,25.238202100,737,videos/head.mp4,737
738,1782728491.225109816,25.272174444,738,videos/head.mp4,738
739,1782728491.258280993,25.304499152,739,videos/head.mp4,739
740,1782728491.291340351,25.337575243,740,videos/head.mp4,740
741,1782728491.324854612,25.370891407,741,videos/head.mp4,741
742,1782728491.358094454,25.404353718,742,videos/head.mp4,742
743,1782728491.390340805,25.437555734,743,videos/head.mp4,743
744,1782728491.422684669,25.470295463,744,videos/head.mp4,744
745,1782728491.460740805,25.502194045,745,videos/head.mp4,745
746,1782728491.493084908,25.540225622,746,videos/head.mp4,746
747,1782728491.526344776,25.572349012,747,videos/head.mp4,747
748,1782728491.559475899,25.605624118,748,videos/head.mp4,748
749,1782728491.592659473,25.638701585,749,videos/head.mp4,749
750,1782728491.626819372,25.672477091,750,videos/head.mp4,750
751,1782728491.658340693,25.706329752,751,videos/head.mp4,751
752,1782728491.692599297,25.738124490,752,videos/head.mp4,752
753,1782728491.725843191,25.771816186,753,videos/head.mp4,753
754,1782728491.757883310,25.805085787,754,videos/head.mp4,754
755,1782728491.791207314,25.837594021,755,videos/head.mp4,755
756,1782728491.822596073,25.870973322,756,videos/head.mp4,756
757,1782728491.859714985,25.902025478,757,videos/head.mp4,757
758,1782728491.892942190,25.939252133,758,videos/head.mp4,758
759,1782728491.923117638,25.972228030,759,videos/head.mp4,759
760,1782728491.952817678,26.003026257,760,videos/head.mp4,760
761,1782728491.987795830,26.032600061,761,videos/head.mp4,761
762,1782728492.026021957,26.067497587,762,videos/head.mp4,762
763,1782728492.084587336,26.105342438,763,videos/head.mp4,763
764,1782728492.094087362,26.164574592,764,videos/head.mp4,764
765,1782728492.124838829,26.173331927,765,videos/head.mp4,765
766,1782728492.157966852,26.204442419,766,videos/head.mp4,766
767,1782728492.192218781,26.237979677,767,videos/head.mp4,767
768,1782728492.225358963,26.272246687,768,videos/head.mp4,768
769,1782728492.263494730,26.305087122,769,videos/head.mp4,769
770,1782728492.296581984,26.343369107,770,videos/head.mp4,770
771,1782728492.329102516,26.376286345,771,videos/head.mp4,771
772,1782728492.361181259,26.408221440,772,videos/head.mp4,772
773,1782728492.393676996,26.440819148,773,videos/head.mp4,773
774,1782728492.428885937,26.472983435,774,videos/head.mp4,774
775,1782728492.461084604,26.508208682,775,videos/head.mp4,775
776,1782728492.495339632,26.540431243,776,videos/head.mp4,776
777,1782728492.527677774,26.574550663,777,videos/head.mp4,777
778,1782728492.560797691,26.607445212,778,videos/head.mp4,778
779,1782728492.594113827,26.640330098,779,videos/head.mp4,779
780,1782728492.625397205,26.673449294,780,videos/head.mp4,780
781,1782728492.664347410,26.704824532,781,videos/head.mp4,781
782,1782728492.697544098,26.743983728,782,videos/head.mp4,782
783,1782728492.727727413,26.776942344,783,videos/head.mp4,783
784,1782728492.762051344,26.807642776,784,videos/head.mp4,784
785,1782728492.794690371,26.841937658,785,videos/head.mp4,785
786,1782728492.828589201,26.873926674,786,videos/head.mp4,786
787,1782728492.860999107,26.908199476,787,videos/head.mp4,787
788,1782728492.895976782,26.940632122,788,videos/head.mp4,788
789,1782728492.930437565,26.975218982,789,videos/head.mp4,789
790,1782728492.957837582,27.009752047,790,videos/head.mp4,790
791,1782728492.995002031,27.037909102,791,videos/head.mp4,791
792,1782728493.025274038,27.074391926,792,videos/head.mp4,792
793,1782728493.064231873,27.105167176,793,videos/head.mp4,793
794,1782728493.096602917,27.144330052,794,videos/head.mp4,794
795,1782728493.175416231,27.176186360,795,videos/head.mp4,795
796,1782728493.186767817,27.254584019,796,videos/head.mp4,796
797,1782728493.227619171,27.266637714,797,videos/head.mp4,797
798,1782728493.262858868,27.306749549,798,videos/head.mp4,798
799,1782728493.295101166,27.342432026,799,videos/head.mp4,799
800,1782728493.328473806,27.374605369,800,videos/head.mp4,800
801,1782728493.361648083,27.407844825,801,videos/head.mp4,801
802,1782728493.394852877,27.441460197,802,videos/head.mp4,802
803,1782728493.428106070,27.474804488,803,videos/head.mp4,803
804,1782728493.459609270,27.507789024,804,videos/head.mp4,804
805,1782728493.497475386,27.539064674,805,videos/head.mp4,805
806,1782728493.529752970,27.576764432,806,videos/head.mp4,806
807,1782728493.561081171,27.609182742,807,videos/head.mp4,807
808,1782728493.594481230,27.640442231,808,videos/head.mp4,808
809,1782728493.627708673,27.674146726,809,videos/head.mp4,809
810,1782728493.659982443,27.706871254,810,videos/head.mp4,810
811,1782728493.694850206,27.740035508,811,videos/head.mp4,811
812,1782728493.727348328,27.774347350,812,videos/head.mp4,812
813,1782728493.760709047,27.806524980,813,videos/head.mp4,813
814,1782728493.791089773,27.840065950,814,videos/head.mp4,814
815,1782728493.828038931,27.870378945,815,videos/head.mp4,815
816,1782728493.860303640,27.908033037,816,videos/head.mp4,816
817,1782728493.887857437,27.939733117,817,videos/head.mp4,817
818,1782728493.929620266,27.967859834,818,videos/head.mp4,818
819,1782728493.962187767,28.009217628,819,videos/head.mp4,819
820,1782728493.995984554,28.041903851,820,videos/head.mp4,820
821,1782728494.028633118,28.075518359,821,videos/head.mp4,821
822,1782728494.062728643,28.108282888,822,videos/head.mp4,822
823,1782728494.095116138,28.142257311,823,videos/head.mp4,823
824,1782728494.128368855,28.175083282,824,videos/head.mp4,824
825,1782728494.162635088,28.208486615,825,videos/head.mp4,825
826,1782728494.194736481,28.241956222,826,videos/head.mp4,826
827,1782728494.267817020,28.274694734,827,videos/head.mp4,827
828,1782728494.277513266,28.347691900,828,videos/head.mp4,828
829,1782728494.331367254,28.357194602,829,videos/head.mp4,829
830,1782728494.364710808,28.410917588,830,videos/head.mp4,830
831,1782728494.398122072,28.444581154,831,videos/head.mp4,831
832,1782728494.429537296,28.477465206,832,videos/head.mp4,832
833,1782728494.462659597,28.508797529,833,videos/head.mp4,833
834,1782728494.495865345,28.542217631,834,videos/head.mp4,834
835,1782728494.530288219,28.575857163,835,videos/head.mp4,835
836,1782728494.563317299,28.609905797,836,videos/head.mp4,836
837,1782728494.596724510,28.643222311,837,videos/head.mp4,837
838,1782728494.628917456,28.675975191,838,videos/head.mp4,838
839,1782728494.662019014,28.708805386,839,videos/head.mp4,839
840,1782728494.694353342,28.741709311,840,videos/head.mp4,840
841,1782728494.731626511,28.773588436,841,videos/head.mp4,841
842,1782728494.763880491,28.811532905,842,videos/head.mp4,842
843,1782728494.797098637,28.843543938,843,videos/head.mp4,843
844,1782728494.830451250,28.876393397,844,videos/head.mp4,844
845,1782728494.862772942,28.909658198,845,videos/head.mp4,845
846,1782728494.896008492,28.942773714,846,videos/head.mp4,846
847,1782728494.927460909,28.975911982,847,videos/head.mp4,847
848,1782728494.962433338,29.007333620,848,videos/head.mp4,848
849,1782728494.996585846,29.042275626,849,videos/head.mp4,849
850,1782728495.029011726,29.076013338,850,videos/head.mp4,850
851,1782728495.063151836,29.108871277,851,videos/head.mp4,851
852,1782728495.094549417,29.143091276,852,videos/head.mp4,852
853,1782728495.132299662,29.174264233,853,videos/head.mp4,853
854,1782728495.163914442,29.211867443,854,videos/head.mp4,854
855,1782728495.197173357,29.243199830,855,videos/head.mp4,855
856,1782728495.230401516,29.276890500,856,videos/head.mp4,856
857,1782728495.262440920,29.310018208,857,videos/head.mp4,857
858,1782728495.295717955,29.342566153,858,videos/head.mp4,858
859,1782728495.368786573,29.375748391,859,videos/head.mp4,859
860,1782728495.380469322,29.448094048,860,videos/head.mp4,860
861,1782728495.427927732,29.460320740,861,videos/head.mp4,861
862,1782728495.463222504,29.507679460,862,videos/head.mp4,862
863,1782728495.496272326,29.542757406,863,videos/head.mp4,863
864,1782728495.528622150,29.575737333,864,videos/head.mp4,864
865,1782728495.565806627,29.608025110,865,videos/head.mp4,865
866,1782728495.598812342,29.645668002,866,videos/head.mp4,866
867,1782728495.631069183,29.678355920,867,videos/head.mp4,867
868,1782728495.664344311,29.710250148,868,videos/head.mp4,868
869,1782728495.697611094,29.743541221,869,videos/head.mp4,869
870,1782728495.731058598,29.776768740,870,videos/head.mp4,870
871,1782728495.764252186,29.810580022,871,videos/head.mp4,871
872,1782728495.798490763,29.843422601,872,videos/head.mp4,872
873,1782728495.830765724,29.877815373,873,videos/head.mp4,873
874,1782728495.864007235,29.910027628,874,videos/head.mp4,874
875,1782728495.896178722,29.943146151,875,videos/head.mp4,875
876,1782728495.928408384,29.976325157,876,videos/head.mp4,876
