policy_step,dataset_index,dataset_frame,inference_s,loop_s,sent_to_robot,arm_state,left_hand_state,right_hand_state,predicted_action,limited_arm,limited_left_hand,limited_right_hand,dataset_state,dataset_action
0,0,0,1.0121089320000465,1.0823269039992738,False,"[-0.2548205852508545, 1.798568606376648, 0.8555418848991394, 2.041081428527832, -1.305082082748413, 0.11127353459596634, -0.2398882359266281, 0.06321679055690765, 0.000874848454259336, -0.010785802267491817, 1.5289593935012817, 0.28019118309020996, 0.0174490325152874, -0.049854375422000885]","[337.0, 2.0, 0.0, 4.0, 10.0, 935.0]","[70.0, 15.0, 0.0, 15.0, 589.0, 988.0]","[-0.022608604282140732, 0.19671401381492615, 0.06717582046985626, 0.8881260752677917, -1.0156409740447998, -0.28348180651664734, -0.03062492609024048, -0.056327879428863525, -0.4653456211090088, 0.07875488698482513, 0.21472346782684326, 0.3318532109260559, -0.2552427053451538, -0.15654025971889496, 0.30000022053718567, 0.3000004291534424, 0.2999998927116394, 0.19999955594539642, 0.10000050812959671, 0.0, 0.8805088996887207, 0.8795449137687683, 0.8794538974761963, 0.8762607574462891, 0.7760124206542969, 0.0]","[-0.23482058942317963, 1.7785686254501343, 0.8355419039726257, 2.0210814476013184, -1.2850821018218994, 0.09127353131771088, -0.21988824009895325, 0.04321679100394249, -0.01912515051662922, 0.009214197285473347, 1.508959412574768, 0.300191193819046, -0.002550967037677765, -0.06985437870025635]","[257.0, 0.3000004291534424, 0.2999998927116394, 0.19999957084655762, 0.10000038146972656, 855.0]","[0.8805084228515625, 0.8795452117919922, 0.8794538974761963, 0.8762607574462891, 509.0, 908.0]","[0.36773595213890076, 0.2125042825937271, -0.19506722688674927, 0.13865748047828674, -1.1988658905029297, -0.09092431515455246, 0.2910129427909851, 0.34811776876449585, -0.39933836460113525, 0.2565223276615143, 0.258667528629303, 0.43556666374206543, -0.10707905143499374, 0.08358997106552124, 0.30000001192092896, 0.29899999499320984, 0.29899999499320984, 0.19900000095367432, 1.0, 0.0, 0.8980000019073486, 0.8989999890327454, 0.8999999761581421, 0.8999999761581421, 0.8009999990463257, 0.0]","[0.24442234635353088, 0.28508755564689636, -0.13917025923728943, -0.055223532021045685, -1.1037503480911255, -0.2001938819885254, 0.139725923538208, 0.2734237611293793, -0.4169085919857025, 0.2973143756389618, 0.24402667582035065, 0.47058749198913574, -0.16312283277511597, 0.12246698141098022, 0.30000001192092896, 0.30000001192092896, 0.30000001192092896, 0.20000000298023224, 0.10000000149011612, 0.0, 0.8999999761581421, 0.8999999761581421, 0.8999999761581421, 0.8999999761581421, 0.800000011920929, 0.0]"
1,1,1,0.00887780099947122,0.07184744999904069,False,"[-0.2548205852508545, 1.7986044883728027, 0.8555538654327393, 2.041081428527832, -1.3051060438156128, 0.11127353459596634, -0.2398642748594284, 0.0632048025727272, 0.0008388957940042019, -0.010809770785272121, 1.5289593935012817, 0.2801792025566101, 0.01746101677417755, -0.04986635968089104]","[337.0, 2.0, 1.0, 4.0, 10.0, 935.0]","[70.0, 15.0, 0.0, 15.0, 589.0, 988.0]","[-0.018440084531903267, 0.18897169828414917, 0.07734067738056183, 0.917548418045044, -1.022863745689392, -0.287921667098999, -0.020921975374221802, -0.04607316851615906, -0.4628616273403168, 0.06380631029605865, 0.21675986051559448, 0.33816051483154297, -0.2572881877422333, -0.16149145364761353, 0.30000022053718567, 0.30000039935112, 0.2999998927116394, 0.19999957084655762, 0.10000048577785492, 0.0, 0.8859108686447144, 0.8849902749061584, 0.8849093914031982, 0.8826055526733398, 0.7823678255081177, 0.0]","[-0.23482058942317963, 1.778604507446289, 0.8355538845062256, 2.0210814476013184, -1.2851060628890991, 0.09127353131771088, -0.21986427903175354, 0.04320480301976204, -0.019161103293299675, 0.009190228767693043, 1.508959412574768, 0.30017921328544617, -0.002538982778787613, -0.0698663592338562]","[257.0, 0.3000004291534424, 0.2999998927116394, 0.19999957084655762, 0.10000038146972656, 855.0]","[0.8859100341796875, 0.8849906921386719, 0.8849093914031982, 0.8826055526733398, 509.0, 908.0]","[0.36773595213890076, 0.21249230206012726, -0.195235013961792, 0.1386454999446869, -1.1988658905029297, -0.09092431515455246, 0.2908931076526642, 0.3480578660964966, -0.39961397647857666, 0.2585356831550598, 0.25927871465682983, 0.43553072214126587, -0.10392720252275467, 0.08474045991897583, 0.30000001192092896, 0.29899999499320984, 0.29899999499320984, 0.19900000095367432, 1.0, 0.0, 0.8980000019073486, 0.8989999890327454, 0.8999999761581421, 0.8999999761581421, 0.8009999990463257, 0.0]","[0.24684642255306244, 0.28463566303253174, -0.1363241970539093, -0.06041140854358673, -1.1018574237823486, -0.1937672197818756, 0.13669143617153168, 0.27452579140663147, -0.41791626811027527, 0.29724210500717163, 0.24438706040382385, 0.4686964154243469, -0.16210435330867767, 0.12461793422698975, 0.30000001192092896, 0.30000001192092896, 0.30000001192092896, 0.20000000298023224, 0.10000000149011612, 0.0, 0.8999999761581421, 0.8999999761581421, 0.8999999761581421, 0.8999999761581421, 0.800000011920929, 0.0]"
2,2,2,0.004004080001323018,0.0907118229988555,False,"[-0.2548205852508545, 1.7985925674438477, 0.8555418848991394, 2.041081428527832, -1.3051060438156128, 0.11129750311374664, -0.2398882359266281, 0.06322877109050751, 0.0008388957940042019, -0.01079778652638197, 1.5289593935012817, 0.2802031636238098, 0.0174490325152874, -0.04987834393978119]","[337.0, 2.0, 1.0, 4.0, 10.0, 935.0]","[70.0, 15.0, 0.0, 15.0, 589.0, 988.0]","[-0.014312155544757843, 0.1884998083114624, 0.0790044516324997, 0.9010357856750488, -1.036405086517334, -0.28960567712783813, -0.028041481971740723, -0.053427040576934814, -0.4757724702358246, 0.060827746987342834, 0.14204341173171997, 0.3081126809120178, -0.2834342122077942, -0.1845647543668747, 0.30000025033950806, 0.3000003695487976, 0.2999999225139618, 0.1999996155500412, 0.10000045597553253, 0.0, 0.877225935459137, 0.8764153718948364, 0.876327633857727, 0.8725780844688416, 0.7723807096481323, 0.0]","[-0.23482058942317963, 1.778592586517334, 0.8355419039726257, 2.0210814476013184, -1.2851060628890991, 0.09129750728607178, -0.21988824009895325, 0.04322877153754234, -0.019161103293299675, 0.009202213026583195, 1.508959412574768, 0.3002031743526459, -0.002550967037677765, -0.06987833976745605]","[257.0, 0.3000004291534424, 0.2999999523162842, 0.19999957084655762, 0.10000038146972656, 855.0]","[0.877227783203125, 0.8764152526855469, 0.876327633857727, 0.8725776672363281, 509.0, 908.0]","[0.36775991320610046, 0.21252824366092682, -0.19531890749931335, 0.1387174129486084, -1.1988658905029297, -0.0908883661031723, 0.2907852530479431, 0.3480818271636963, -0.39984169602394104, 0.25965023040771484, 0.2595663368701935, 0.4355546832084656, -0.10284861922264099, 0.08504006266593933, 0.30000001192092896, 0.29899999499320984, 0.29899999499320984, 0.19900000095367432, 1.0, 0.0, 0.8980000019073486, 0.8989999890327454, 0.8999999761581421, 0.8999999761581421, 0.8009999990463257, 0.0]","[0.24689100682735443, 0.2846303880214691, -0.1363029032945633, -0.0604422353208065, -1.1018520593643188, -0.19374361634254456, 0.13668397068977356, 0.2745389938354492, -0.4179222583770752, 0.29726067185401917, 0.2443813979625702, 0.4686882495880127, -0.1621003895998001, 0.12461652606725693, 0.30000001192092896, 0.30000001192092896, 0.30000001192092896, 0.20000000298023224, 0.10000000149011612, 0.0, 0.8999999761581421, 0.8999999761581421, 0.8999999761581421, 0.8999999761581421, 0.800000011920929, 0.0]"
3,3,3,0.004690209001637413,0.07325308100007533,False,"[-0.25480860471725464, 1.798580527305603, 0.8555418848991394, 2.041081428527832, -1.3051060438156128, 0.11127353459596634, -0.23987625539302826, 0.0632048025727272, 0.0008388957940042019, -0.010785802267491817, 1.5289474725723267, 0.28019118309020996, 0.01746101677417755, -0.04986635968089104]","[337.0, 2.0, 1.0, 4.0, 10.0, 935.0]","[70.0, 15.0, 0.0, 15.0, 589.0, 988.0]","[-0.017116030678153038, 0.18275529146194458, 0.08209879696369171, 0.9203670024871826, -1.0392780303955078, -0.29271572828292847, -0.019611269235610962, -0.055347979068756104, -0.4711702764034271, 0.05191120505332947, 0.16082242131233215, 0.3212495744228363, -0.28389713168144226, -0.17956839501857758, 0.30000025033950806, 0.3000003695487976, 0.2999999523162842, 0.1999996155500412, 0.10000045597553253, 0.0, 0.8816428184509277, 0.8808425068855286, 0.8807692527770996, 0.8777506351470947, 0.7775406837463379, 0.0]","[-0.23480860888957977, 1.7785805463790894, 0.8355419039726257, 2.0210814476013184, -1.2851060628890991, 0.09127353131771088, -0.2198762595653534, 0.04320480301976204, -0.019161103293299675, 0.009214197285473347, 1.508947491645813, 0.300191193819046, -0.002538982778787613, -0.0698663592338562]","[257.0, 0.3000004291534424, 0.2999999523162842, 0.19999957084655762, 0.10000038146972656, 855.0]","[0.8816452026367188, 0.8808422088623047, 0.8807692527770996, 0.8777503967285156, 509.0, 908.0]","[0.3681793808937073, 0.2125042825937271, -0.19537882506847382, 0.13887320458889008, -1.1988539695739746, -0.09076852351427078, 0.2907373011112213, 0.348105788230896, -0.3998536765575409, 0.2610164284706116, 0.25985395908355713, 0.435518741607666, -0.0986781120300293, 0.08531569689512253, 0.30000001192092896, 0.29899999499320984, 0.29899999499320984, 0.19900000095367432, 1.0, 0.0, 0.8980000019073486, 0.8989999890327454, 0.8999999761581421, 0.8999999761581421, 0.8009999990463257, 0.0]","[0.24807719886302948, 0.28516489267349243, -0.14065061509609222, -0.06366798281669617, -1.1009148359298706, -0.201852485537529, 0.13203182816505432, 0.276168555021286, -0.41826769709587097, 0.29840776324272156, 0.2408219873905182, 0.466248095035553, -0.16178582608699799, 0.12428159266710281, 0.30000001192092896, 0.30000001192092896, 0.30000001192092896, 0.20000000298023224, 0.10000000149011612, 0.0, 0.8999999761581421, 0.8999999761581421, 0.8999999761581421, 0.8999999761581421, 0.800000011920929, 0.0]"
4,4,4,0.008741769001062494,0.08014166400062095,False,"[-0.25480860471725464, 1.798580527305603, 0.8555418848991394, 2.041069269180298, -1.305082082748413, 0.11127353459596634, -0.23987625539302826, 0.0632048025727272, 0.0008388957940042019, -0.010785802267491817, 1.5289593935012817, 0.2801792025566101, 0.0174490325152874, -0.04986635968089104]","[337.0, 2.0, 1.0, 4.0, 10.0, 935.0]","[70.0, 15.0, 0.0, 15.0, 589.0, 988.0]","[-0.012689121067523956, 0.18599501252174377, 0.07991665601730347, 0.8941718339920044, -1.0408697128295898, -0.2945782542228699, -0.027965068817138672, -0.051783859729766846, -0.48046284914016724, 0.050251156091690063, 0.10897776484489441, 0.31609299778938293, -0.29169875383377075, -0.1844465136528015, 0.30000025033950806, 0.3000003397464752, 0.2999999523162842, 0.19999966025352478, 0.10000042617321014, 0.0, 0.8785842657089233, 0.8778551816940308, 0.8777816295623779, 0.8742574453353882, 0.7740654349327087, 0.0]","[-0.23480860888957977, 1.7785805463790894, 0.8355419039726257, 2.021069288253784, -1.2850821018218994, 0.09127353131771088, -0.2198762595653534, 0.04320480301976204, -0.019161103293299675, 0.009214197285473347, 1.508959412574768, 0.30017921328544617, -0.002550967037677765, -0.0698663592338562]","[257.0, 0.30000030994415283, 0.2999999523162842, 0.19999957084655762, 0.10000038146972656, 855.0]","[0.8785858154296875, 0.8778553009033203, 0.8777816295623779, 0.8742570877075195, 509.0, 908.0]","[0.36868271231651306, 0.21251626312732697, -0.19572636485099792, 0.13893312215805054, -1.1988539695739746, -0.09076852351427078, 0.29062944650650024, 0.3481297492980957, -0.3999974727630615, 0.26222681999206543, 0.2602614164352417, 0.4354947507381439, -0.09526260942220688, 0.08536363393068314, 0.30000001192092896, 0.29899999499320984, 0.29899999499320984, 0.19900000095367432, 1.0, 0.0, 0.8980000019073486, 0.8989999890327454, 0.8999999761581421, 0.8999999761581421, 0.8009999990463257, 0.0]","[0.25130826234817505, 0.28666701912879944, -0.14098431169986725, -0.06589779257774353, -1.1020902395248413, -0.2014167308807373, 0.13018003106117249, 0.27710941433906555, -0.42045536637306213, 0.29764172434806824, 0.24073772132396698, 0.4670392572879791, -0.16246454417705536, 0.12703220546245575, 0.30000001192092896, 0.30000001192092896, 0.30000001192092896, 0.20000000298023224, 0.10000000149011612, 0.0, 0.8999999761581421, 0.8999999761581421, 0.8999999761581421, 0.8999999761581421, 0.800000011920929, 0.0]"
5,5,5,0.006478364999566111,0.0613382810006442,False,"[-0.2548205852508545, 1.798568606376648, 0.8555538654327393, 2.0410573482513428, -1.305082082748413, 0.11126154661178589, -0.2398882359266281, 0.06322877109050751, 0.0008388957940042019, -0.01079778652638197, 1.5289474725723267, 0.28019118309020996, 0.01746101677417755, -0.04986635968089104]","[337.0, 2.0, 1.0, 4.0, 10.0, 935.0]","[70.0, 15.0, 0.0, 15.0, 589.0, 988.0]","[-0.009164359420537949, 0.1797405630350113, 0.09018640220165253, 0.9140686988830566, -1.0387359857559204, -0.29810065031051636, -0.016967326402664185, -0.044037967920303345, -0.47858381271362305, 0.03370054066181183, 0.09034755825996399, 0.3189881145954132, -0.29619893431663513, -0.17989952862262726, 0.30000025033950806, 0.30000030994415283, 0.2999999523162842, 0.19999967515468597, 0.10000040382146835, 0.0, 0.8816933631896973, 0.8810259103775024, 0.8809728026390076, 0.8779489994049072, 0.7777635455131531, 0.0]","[-0.23482058942317963, 1.7785686254501343, 0.8355538845062256, 2.021057367324829, -1.2850821018218994, 0.09126155078411102, -0.21988824009895325, 0.04322877153754234, -0.019161103293299675, 0.009202213026583195, 1.508947491645813, 0.300191193819046, -0.002538982778787613, -0.0698663592338562]","[257.0, 0.30000030994415283, 0.2999999523162842, 0.19999957084655762, 0.10000038146972656, 855.0]","[0.8816909790039062, 0.8810262680053711, 0.8809728026390076, 0.8779487609863281, 509.0, 908.0]","[0.3686227798461914, 0.21254023909568787, -0.19567842781543732, 0.13887320458889008, -1.19884192943573, -0.09079249203205109, 0.2885202169418335, 0.3476743698120117, -0.4002012312412262, 0.26253843307495117, 0.26020148396492004, 0.4355067312717438, -0.09521467238664627, 0.0860946774482727, 0.30000001192092896, 0.29899999499320984, 0.29899999499320984, 0.19900000095367432, 1.0, 0.0, 0.8980000019073486, 0.8989999890327454, 0.8999999761581421, 0.8999999761581421, 0.8009999990463257, 0.0]","[0.2549981474876404, 0.2870613932609558, -0.14092257618904114, -0.06805554032325745, -1.1065564155578613, -0.2047654092311859, 0.12537433207035065, 0.2792743444442749, -0.4217317998409271, 0.2964577376842499, 0.2388928234577179, 0.4631003141403198, -0.16382800042629242, 0.13129085302352905, 0.30000001192092896, 0.30000001192092896, 0.30000001192092896, 0.20000000298023224, 0.10000000149011612, 0.0, 0.8999999761581421, 0.8999999761581421, 0.8999999761581421, 0.8999999761581421, 0.800000011920929, 0.0]"
6,6,6,0.004267848000381491,0.07672860999991826,False,"[-0.25480860471725464, 1.798580527305603, 0.8555538654327393, 2.041081428527832, -1.305082082748413, 0.11127353459596634, -0.2398882359266281, 0.06321679055690765, 0.0008269115351140499, -0.010809770785272121, 1.5289714336395264, 0.28019118309020996, 0.0174490325152874, -0.04986635968089104]","[337.0, 2.0, 0.0, 4.0, 10.0, 935.0]","[70.0, 14.0, 0.0, 15.0, 589.0, 988.0]","[-0.006735421717166901, 0.1797505021095276, 0.08543138206005096, 0.9134302139282227, -1.0416513681411743, -0.29601624608039856, -0.02093029022216797, -0.045445531606674194, -0.48003265261650085, 0.04110114276409149, 0.09709030389785767, 0.31904157996177673, -0.2903752028942108, -0.17787931859493256, 0.30000028014183044, 0.30000030994415283, 0.29999998211860657, 0.19999967515468597, 0.10000041872262955, 0.0, 0.8814548254013062, 0.8807693719863892, 0.8807057738304138, 0.8776504993438721, 0.7774672508239746, 0.0]","[-0.23480860888957977, 1.7785805463790894, 0.8355538845062256, 2.0210814476013184, -1.2850821018218994, 0.09127353131771088, -0.21988824009895325, 0.04321679100394249, -0.019173087552189827, 0.009190228767693043, 1.5089714527130127, 0.300191193819046, -0.002550967037677765, -0.0698663592338562]","[257.0, 0.30000030994415283, 0.29999998211860657, 0.19999957084655762, 0.10000038146972656, 855.0]","[0.8814544677734375, 0.8807697296142578, 0.8807057738304138, 0.877650260925293, 509.0, 908.0]","[0.3686707317829132, 0.21254023909568787, -0.19606192409992218, 0.13888518512248993, -1.1988539695739746, -0.09080447256565094, 0.28740569949150085, 0.34744665026664734, -0.4011719524860382, 0.26253843307495117, 0.2602134943008423, 0.4354468286037445, -0.09520268440246582, 0.0869215875864029, 0.30000001192092896, 0.29899999499320984, 0.29899999499320984, 0.19900000095367432, 1.0, 0.0, 0.8980000019073486, 0.8989999890327454, 0.8999999761581421, 0.8999999761581421, 0.8009999990463257, 0.0]","[0.25489333271980286, 0.2874063551425934, -0.1409178376197815, -0.06747577339410782, -1.1075489521026611, -0.20959724485874176, 0.12356153130531311, 0.2808116674423218, -0.4227813482284546, 0.29641422629356384, 0.23240554332733154, 0.4568215310573578, -0.16366742551326752, 0.1350734531879425, 0.30000001192092896, 0.30000001192092896, 0.30000001192092896, 0.20000000298023224, 0.10000000149011612, 0.0, 0.8999999761581421, 0.8999999761581421, 0.8999999761581421, 0.8999999761581421, 0.800000011920929, 0.0]"
7,7,7,0.00812316900010046,0.06520230199930666,False,"[-0.2548205852508545, 1.7985565662384033, 0.8555538654327393, 2.041069269180298, -1.3051060438156128, 0.11124956607818604, -0.2398882359266281, 0.06322877109050751, 0.000862864195369184, -0.01079778652638197, 1.5289593935012817, 0.28019118309020996, 0.017437048256397247, -0.04986635968089104]","[337.0, 2.0, 1.0, 4.0, 10.0, 935.0]","[70.0, 15.0, 0.0, 15.0, 589.0, 988.0]","[-0.008499037474393845, 0.1776520013809204, 0.09236583113670349, 0.9295668005943298, -1.0421621799468994, -0.2960813045501709, -0.011567741632461548, -0.041306883096694946, -0.47473961114883423, 0.028198063373565674, 0.10648450255393982, 0.3353980779647827, -0.28881382942199707, -0.18062303960323334, 0.30000025033950806, 0.3000003397464752, 0.2999999523162842, 0.19999966025352478, 0.10000044107437134, 0.0, 0.8814601898193359, 0.8807154297828674, 0.8806561827659607, 0.8776029348373413, 0.7773934006690979, 0.0]","[-0.23482058942317963, 1.7785565853118896, 0.8355538845062256, 2.021069288253784, -1.2851060628890991, 0.09124957025051117, -0.21988824009895325, 0.04322877153754234, -0.01913713477551937, 0.009202213026583195, 1.508959412574768, 0.300191193819046, -0.002562951296567917, -0.0698663592338562]","[257.0, 0.30000030994415283, 0.2999999523162842, 0.19999957084655762, 0.10000038146972656, 855.0]","[0.8814620971679688, 0.8807153701782227, 0.8806561827659607, 0.8776025772094727, 509.0, 908.0]","[0.3686946928501129, 0.21254023909568787, -0.19609788060188293, 0.13893312215805054, -1.1988779306411743, -0.09080447256565094, 0.2874176800251007, 0.34809380769729614, -0.4016273319721222, 0.262550413608551, 0.2602134943008423, 0.4351711869239807, -0.09515474736690521, 0.08778444677591324, 0.30000001192092896, 0.29899999499320984, 0.29899999499320984, 0.19900000095367432, 1.0, 0.0, 0.8980000019073486, 0.8989999890327454, 0.8999999761581421, 0.8999999761581421, 0.8009999990463257, 0.0]","[0.25315022468566895, 0.2873590886592865, -0.14541850984096527, -0.06472344696521759, -1.104962706565857, -0.21491335332393646, 0.12630820274353027, 0.27968114614486694, -0.4240519106388092, 0.2986530065536499, 0.23073317110538483, 0.45636704564094543, -0.16286036372184753, 0.1347084641456604, 0.30000001192092896, 0.30000001192092896, 0.30000001192092896, 0.20000000298023224, 0.10000000149011612, 0.0, 0.8999999761581421, 0.8999999761581421, 0.8999999761581421, 0.8999999761581421, 0.800000011920929, 0.0]"
8,8,8,0.005467218001285801,0.07686988199930056,False,"[-0.2548205852508545, 1.798580527305603, 0.8555538654327393, 2.041081428527832, -1.305082082748413, 0.11127353459596634, -0.23987625539302826, 0.0632048025727272, 0.000850879994686693, -0.01079778652638197, 1.5289593935012817, 0.28016722202301025, 0.0174490325152874, -0.04986635968089104]","[337.0, 2.0, 1.0, 4.0, 10.0, 935.0]","[70.0, 15.0, 0.0, 15.0, 589.0, 988.0]","[-0.005253523588180542, 0.17642806470394135, 0.08899739384651184, 0.9190913438796997, -1.04671311378479, -0.29821351170539856, -0.015087157487869263, -0.04686957597732544, -0.4827091693878174, 0.02789461612701416, 0.06840261816978455, 0.3271273970603943, -0.2986883819103241, -0.18424881994724274, 0.30000028014183044, 0.30000030994415283, 0.29999998211860657, 0.19999969005584717, 0.10000041872262955, 0.0, 0.8793181777000427, 0.8786604404449463, 0.878606915473938, 0.875190794467926, 0.7750057578086853, 0.0]","[-0.23482058942317963, 1.7785805463790894, 0.8355538845062256, 2.0210814476013184, -1.2850821018218994, 0.09127353131771088, -0.2198762595653534, 0.04320480301976204, -0.019149119034409523, 0.009202213026583195, 1.508959412574768, 0.3001672327518463, -0.002550967037677765, -0.0698663592338562]","[257.0, 0.30000030994415283, 0.2999999523162842, 0.19999980926513672, 0.10000038146972656, 855.0]","[0.8793182373046875, 0.8786602020263672, 0.878606915473938, 0.8751907348632812, 509.0, 908.0]","[0.3686946928501129, 0.21256420016288757, -0.19633756577968597, 0.13895709812641144, -1.1988779306411743, -0.090864397585392, 0.28740569949150085, 0.3479020595550537, -0.40392830967903137, 0.263005793094635, 0.26020148396492004, 0.4349434971809387, -0.09499895572662354, 0.09199091047048569, 0.30000001192092896, 0.29899999499320984, 0.29899999499320984, 0.19900000095367432, 1.0, 0.0, 0.8980000019073486, 0.8989999890327454, 0.8999999761581421, 0.8999999761581421, 0.8009999990463257, 0.0]","[0.25268545746803284, 0.28890952467918396, -0.14564628899097443, -0.06276678293943405, -1.1094121932983398, -0.21706220507621765, 0.12585130333900452, 0.2802010178565979, -0.427080899477005, 0.29866084456443787, 0.22760653495788574, 0.45402583479881287, -0.16312015056610107, 0.13579297065734863, 0.30000001192092896, 0.30000001192092896, 0.30000001192092896, 0.20000000298023224, 0.10000000149011612, 0.0, 0.8999999761581421, 0.8999999761581421, 0.8999999761581421, 0.8999999761581421, 0.800000011920929, 0.0]"
9,9,9,0.005442162000690587,0.0651087969999935,False,"[-0.2548205852508545, 1.7985925674438477, 0.8555538654327393, 2.041081428527832, -1.3051060438156128, 0.11127353459596634, -0.23987625539302826, 0.06321679055690765, 0.000850879994686693, -0.01079778652638197, 1.5289474725723267, 0.2801792025566101, 0.0174490325152874, -0.04986635968089104]","[337.0, 2.0, 1.0, 4.0, 10.0, 935.0]","[70.0, 14.0, 0.0, 15.0, 589.0, 988.0]","[-0.0047865621745586395, 0.1767500787973404, 0.09164793789386749, 0.9107590317726135, -1.0464389324188232, -0.302798867225647, -0.012935459613800049, -0.0376887321472168, -0.48054438829421997, 0.03130194544792175, 0.08254632353782654, 0.3187502324581146, -0.29606178402900696, -0.1802053153514862, 0.30000025033950806, 0.30000028014183044, 0.29999998211860657, 0.19999971985816956, 0.10000037401914597, 0.0, 0.8833822011947632, 0.8827890753746033, 0.8827389478683472, 0.8799948692321777, 0.7798316478729248, 0.0]","[-0.23482058942317963, 1.778592586517334, 0.8355538845062256, 2.0210814476013184, -1.2851060628890991, 0.09127353131771088, -0.2198762595653534, 0.04321679100394249, -0.019149119034409523, 0.009202213026583195, 1.508947491645813, 0.30017921328544617, -0.002550967037677765, -0.0698663592338562]","[257.0, 0.30000030994415283, 0.2999999523162842, 0.19999980926513672, 0.10000038146972656, 855.0]","[0.8833847045898438, 0.8827886581420898, 0.8827389478683472, 0.8799953460693359, 509.0, 908.0]","[0.3686946928501129, 0.21257618069648743, -0.19662518799304962, 0.1389690786600113, -1.1988779306411743, -0.090864397585392, 0.28740569949150085, 0.3477103114128113, -0.4057978391647339, 0.2632574737071991, 0.2601895034313202, 0.4349434971809387, -0.09499895572662354, 0.09417204558849335, 0.30000001192092896, 0.29899999499320984, 0.29899999499320984, 0.19900000095367432, 1.0, 0.0, 0.8980000019073486, 0.8989999890327454, 0.8999999761581421, 0.8999999761581421, 0.8009999990463257, 0.0]","[0.252299964427948, 0.28918129205703735, -0.14630362391471863, -0.06224444508552551, -1.1108037233352661, -0.21874727308750153, 0.12717337906360626, 0.2800115942955017, -0.42830541729927063, 0.29901713132858276, 0.22527562081813812, 0.45009419322013855, -0.16269159317016602, 0.13778527081012726, 0.30000001192092896, 0.30000001192092896, 0.30000001192092896, 0.20000000298023224, 0.10000000149011612, 0.0, 0.8999999761581421, 0.8999999761581421, 0.8999999761581421, 0.8999999761581421, 0.800000011920929, 0.0]"
10,10,10,0.006442769999921438,0.08616879700093705,False,"[-0.2548205852508545, 1.798568606376648, 0.8555538654327393, 2.041069269180298, -1.3051060438156128, 0.11128551512956619, -0.23987625539302826, 0.0632048025727272, 0.000862864195369184, -0.010809770785272121, 1.528935432434082, 0.28019118309020996, 0.0174490325152874, -0.04986635968089104]","[337.0, 2.0, 1.0, 4.0, 10.0, 935.0]","[70.0, 15.0, 0.0, 15.0, 589.0, 988.0]","[-0.006487108767032623, 0.17398133873939514, 0.09349296987056732, 0.9255281090736389, -1.0467780828475952, -0.2991459369659424, -0.008563637733459473, -0.045940935611724854, -0.4823372960090637, 0.021540969610214233, 0.06497469544410706, 0.3380900025367737, -0.29515403509140015, -0.1827949434518814, 0.30000028014183044, 0.30000030994415283, 0.29999998211860657, 0.19999970495700836, 0.10000041127204895, 0.0, 0.8835058212280273, 0.8828684091567993, 0.8828250169754028, 0.8801009654998779, 0.7799152135848999, 0.0]","[-0.23482058942317963, 1.7785686254501343, 0.8355538845062256, 2.021069288253784, -1.2851060628890991, 0.09128551185131073, -0.2198762595653534, 0.04320480301976204, -0.01913713477551937, 0.009190228767693043, 1.5089354515075684, 0.300191193819046, -0.002550967037677765, -0.0698663592338562]","[257.0, 0.30000030994415283, 0.2999999523162842, 0.19999980926513672, 0.10000038146972656, 855.0]","[0.8835067749023438, 0.882868766784668, 0.8828250169754028, 0.880101203918457, 509.0, 908.0]","[0.3686946928501129, 0.21260015666484833, -0.19734424352645874, 0.13895709812641144, -1.1988658905029297, -0.09087637811899185, 0.2874176800251007, 0.3476863503456116, -0.4099084436893463, 0.26331740617752075, 0.2601895034313202, 0.43473976850509644, -0.09499895572662354, 0.09741976857185364, 0.30000001192092896, 0.29899999499320984, 0.29899999499320984, 0.19900000095367432, 1.0, 0.0, 0.8980000019073486, 0.8989999890327454, 0.8999999761581421, 0.8999999761581421, 0.8009999990463257, 0.0]","[0.25082939863204956, 0.28751885890960693, -0.1458432972431183, -0.0598161406815052, -1.109033226966858, -0.21911953389644623, 0.1271352916955948, 0.27719858288764954, -0.42869555950164795, 0.2998352348804474, 0.22691300511360168, 0.4493473470211029, -0.16358830034732819, 0.13994048535823822, 0.30000001192092896, 0.30000001192092896, 0.30000001192092896, 0.20000000298023224, 0.10000000149011612, 0.0, 0.8999999761581421, 0.8999999761581421, 0.8999999761581421, 0.8999999761581421, 0.800000011920929, 0.0]"
11,11,11,0.008243197999036056,0.065957327000433,False,"[-0.25483256578445435, 1.7986044883728027, 0.8555538654327393, 2.041069269180298, -1.305082082748413, 0.11128551512956619, -0.2398882359266281, 0.0632048025727272, 0.0008388957940042019, -0.01079778652638197, 1.5289833545684814, 0.2801792025566101, 0.01746101677417755, -0.04986635968089104]","[337.0, 2.0, 1.0, 4.0, 10.0, 935.0]","[70.0, 15.0, 0.0, 15.0, 589.0, 988.0]","[0.005524598062038422, 0.1707739681005478, 0.10638776421546936, 0.9452182054519653, -1.0472291707992554, -0.30023646354675293, 0.0015456676483154297, -0.0208512544631958, -0.475959450006485, 0.009626269340515137, 0.06802192330360413, 0.3487822115421295, -0.290066659450531, -0.1695551872253418, 0.30000025033950806, 0.30000030994415283, 0.29999998211860657, 0.19999970495700836, 0.10000041127204895, 0.0, 0.8865001201629639, 0.8858345746994019, 0.8857910633087158, 0.8835650682449341, 0.7833719253540039, 0.0]","[-0.23483256995677948, 1.778604507446289, 0.8355538845062256, 2.021069288253784, -1.2850821018218994, 0.09128551185131073, -0.21988824009895325, 0.04320480301976204, -0.019161103293299675, 0.009202213026583195, 1.5089833736419678, 0.30017921328544617, -0.002538982778787613, -0.0698663592338562]","[257.0, 0.30000030994415283, 0.2999999523162842, 0.19999980926513672, 0.10000038146972656, 855.0]","[0.8864974975585938, 0.8858346939086914, 0.8857910633087158, 0.8835649490356445, 509.0, 908.0]","[0.36868271231651306, 0.21261213719844818, -0.19811122119426727, 0.1390170156955719, -1.1988658905029297, -0.09087637811899185, 0.2874176800251007, 0.3476743698120117, -0.4147021174430847, 0.2636289894580841, 0.26020148396492004, 0.434631884098053, -0.09498696774244308, 0.10029598325490952, 0.30000001192092896, 0.29899999499320984, 0.29899999499320984, 0.19900000095367432, 1.0, 0.0, 0.8980000019073486, 0.8989999890327454, 0.8999999761581421, 0.8999999761581421, 0.8009999990463257, 0.0]","[0.2499750852584839, 0.2862946391105652, -0.1455591470003128, -0.06044862046837807, -1.1060444116592407, -0.21826070547103882, 0.13016201555728912, 0.276179701089859, -0.42830049991607666, 0.3010003864765167, 0.22661350667476654, 0.4477982819080353, -0.16427814960479736, 0.14191170036792755, 0.30000001192092896, 0.30000001192092896, 0.30000001192092896, 0.20000000298023224, 0.10000000149011612, 0.0, 0.8999999761581421, 0.8999999761581421, 0.8999999761581421, 0.8999999761581421, 0.800000011920929, 0.0]"
12,12,12,0.005898082999920007,0.07412594000015815,False,"[-0.2548205852508545, 1.798580527305603, 0.8555538654327393, 2.0410573482513428, -1.305082082748413, 0.11127353459596634, -0.23987625539302826, 0.06321679055690765, 0.000850879994686693, -0.01079778652638197, 1.5289593935012817, 0.28019118309020996, 0.01746101677417755, -0.04986635968089104]","[337.0, 2.0, 1.0, 4.0, 10.0, 935.0]","[70.0, 15.0, 0.0, 15.0, 589.0, 988.0]","[0.0030034705996513367, 0.1723664402961731, 0.10551781952381134, 0.927692711353302, -1.0462173223495483, -0.2995607256889343, 0.00573393702507019, -0.020272403955459595, -0.47299861907958984, 0.00797685980796814, 0.0672750174999237, 0.36308878660202026, -0.288051962852478, -0.16642306745052338, 0.30000025033950806, 0.3000003397464752, 0.2999999523162842, 0.19999969005584717, 0.10000043362379074, 0.0, 0.8869519829750061, 0.8862180113792419, 0.8861743211746216, 0.8840227127075195, 0.7838129997253418, 0.0]","[-0.23482058942317963, 1.7785805463790894, 0.8355538845062256, 2.021057367324829, -1.2850821018218994, 0.09127353131771088, -0.2198762595653534, 0.04321679100394249, -0.019149119034409523, 0.007976860739290714, 1.508959412574768, 0.300191193819046, -0.002538982778787613, -0.0698663592338562]","[257.0, 0.30000030994415283, 0.2999999523162842, 0.19999980926513672, 0.10000038146972656, 855.0]","[0.8869552612304688, 0.8862180709838867, 0.8861743211746216, 0.8840227127075195, 509.0, 908.0]","[0.3686707317829132, 0.2126840502023697, -0.19878233969211578, 0.13905297219753265, -1.198830008506775, -0.0908883661031723, 0.28740569949150085, 0.3476863503456116, -0.4220125079154968, 0.26431208848953247, 0.2601895034313202, 0.4342483878135681, -0.09498696774244308, 0.105341337621212, 0.30000001192092896, 0.29899999499320984, 0.29899999499320984, 0.19900000095367432, 1.0, 0.0, 0.8980000019073486, 0.8989999890327454, 0.8999999761581421, 0.8999999761581421, 0.8009999990463257, 0.0]","[0.2491384744644165, 0.28690165281295776, -0.14469189941883087, -0.058852922171354294, -1.1055412292480469, -0.21729536354541779, 0.12956728041172028, 0.27553752064704895, -0.42823877930641174, 0.3018815517425537, 0.22851675748825073, 0.4470301568508148, -0.16587397456169128, 0.1425362378358841, 0.30000001192092896, 0.30000001192092896, 0.30000001192092896, 0.20000000298023224, 0.10000000149011612, 0.0, 0.8999999761581421, 0.8999999761581421, 0.8999999761581421, 0.8999999761581421, 0.800000011920929, 0.0]"
13,13,13,0.010272613999404712,0.06809187999897404,False,"[-0.25480860471725464, 1.7985565662384033, 0.8555538654327393, 2.041081428527832, -1.3051060438156128, 0.11127353459596634, -0.2398882359266281, 0.06322877109050751, 0.0008388957940042019, -0.01079778652638197, 1.5289474725723267, 0.28016722202301025, 0.0174490325152874, -0.04986635968089104]","[337.0, 2.0, 1.0, 4.0, 10.0, 935.0]","[70.0, 15.0, 0.0, 15.0, 589.0, 988.0]","[0.0028752274811267853, 0.17449985444545746, 0.10263991355895996, 0.9180265665054321, -1.05321204662323, -0.3006799519062042, -0.0065392255783081055, -0.00952807068824768, -0.47506704926490784, 0.01592850685119629, 0.07291203737258911, 0.34819495677948, -0.28801408410072327, -0.15699061751365662, 0.30000025033950806, 0.30000030994415283, 0.29999998211860657, 0.19999969005584717, 0.10000043362379074, 0.0, 0.8843443393707275, 0.8836406469345093, 0.8835898041725159, 0.8810154795646667, 0.7808083295822144, 0.0]","[-0.23480860888957977, 1.7785565853118896, 0.8355538845062256, 2.0210814476013184, -1.2851060628890991, 0.09127353131771088, -0.21988824009895325, 0.04322877153754234, -0.019161103293299675, 0.009202213026583195, 1.508947491645813, 0.3001672327518463, -0.002550967037677765, -0.0698663592338562]","[257.0, 0.30000030994415283, 0.2999999523162842, 0.19999980926513672, 0.10000038146972656, 855.0]","[0.8843460083007812, 0.8836402893066406, 0.8835898041725159, 0.8810157775878906, 509.0, 908.0]","[0.36868271231651306, 0.21274396777153015, -0.1989501267671585, 0.1390649527311325, -1.19884192943573, -0.0908883661031723, 0.2874176800251007, 0.3476743698120117, -0.4250684976577759, 0.26488733291625977, 0.2601655423641205, 0.43418848514556885, -0.09499895572662354, 0.10644388943910599, 0.30000001192092896, 0.29899999499320984, 0.29899999499320984, 0.19900000095367432, 1.0, 0.0, 0.8980000019073486, 0.8989999890327454, 0.8999999761581421, 0.8999999761581421, 0.8009999990463257, 0.0]","[0.24855397641658783, 0.28726768493652344, -0.14488840103149414, -0.056716468185186386, -1.1043035984039307, -0.21797728538513184, 0.12885341048240662, 0.27492791414260864, -0.428251177072525, 0.30280178785324097, 0.2304433137178421, 0.44608911871910095, -0.167300745844841, 0.1419447958469391, 0.30000001192092896, 0.30000001192092896, 0.30000001192092896, 0.20000000298023224, 0.10000000149011612, 0.0, 0.8999999761581421, 0.8999999761581421, 0.8999999761581421, 0.8999999761581421, 0.800000011920929, 0.0]"
14,14,14,0.005608004999885452,0.07498470000064117,False,"[-0.2548205852508545, 1.7985925674438477, 0.8555418848991394, 2.0410573482513428, -1.3051060438156128, 0.11127353459596634, -0.2398882359266281, 0.06322877109050751, 0.0008388957940042019, -0.010809770785272121, 1.5289593935012817, 0.2801792025566101, 0.01746101677417755, -0.04986635968089104]","[337.0, 2.0, 1.0, 4.0, 10.0, 935.0]","[70.0, 15.0, 0.0, 15.0, 589.0, 988.0]","[0.004175715148448944, 0.17252638936042786, 0.1010427474975586, 0.9194728136062622, -1.0524414777755737, -0.30126816034317017, 0.0005716383457183838, -0.016070395708084106, -0.47445541620254517, 0.015226215124130249, 0.06096521019935608, 0.3503456711769104, -0.29311758279800415, -0.16920189559459686, 0.30000025033950806, 0.3000003397464752, 0.29999998211860657, 0.19999967515468597, 0.10000044107437134, 0.0, 0.8846434354782104, 0.8839031457901001, 0.8838522434234619, 0.881321907043457, 0.781114935874939, 0.0]","[-0.23482058942317963, 1.778592586517334, 0.8355419039726257, 2.021057367324829, -1.2851060628890991, 0.09127353131771088, -0.21988824009895325, 0.04322877153754234, -0.019161103293299675, 0.009190228767693043, 1.508959412574768, 0.30017921328544617, -0.002538982778787613, -0.0698663592338562]","[257.0, 0.30000030994415283, 0.2999999523162842, 0.19999957084655762, 0.10000038146972656, 855.0]","[0.8846435546875, 0.8839035034179688, 0.8838522434234619, 0.881321907043457, 509.0, 908.0]","[0.36868271231651306, 0.21281586587429047, -0.19897408783435822, 0.13911288976669312, -1.198830008506775, -0.0908883661031723, 0.28740569949150085, 0.34774625301361084, -0.4293108880519867, 0.2655104994773865, 0.2602134943008423, 0.4340686500072479, -0.09499895572662354, 0.10698317736387253, 0.30000001192092896, 0.29899999499320984, 0.29899999499320984, 0.19900000095367432, 1.0, 0.0, 0.8980000019073486, 0.8989999890327454, 0.8999999761581421, 0.8999999761581421, 0.8009999990463257, 0.0]","[0.24735702574253082, 0.2865605056285858, -0.14575673639774323, -0.054714053869247437, -1.1022804975509644, -0.21803990006446838, 0.12891247868537903, 0.2736210227012634, -0.42803335189819336, 0.3042966425418854, 0.23235781490802765, 0.4452287554740906, -0.16945780813694, 0.14082524180412292, 0.30000001192092896, 0.30000001192092896, 0.30000001192092896, 0.20000000298023224, 0.10000000149011612, 0.0, 0.8999999761581421, 0.8999999761581421, 0.8999999761581421, 0.8999999761581421, 0.800000011920929, 0.0]"
15,15,15,0.006670729999314062,0.06688333599959151,False,"[-0.2548205852508545, 1.798580527305603, 0.8555418848991394, 2.041081428527832, -1.305082082748413, 0.11128551512956619, -0.23987625539302826, 0.06321679055690765, 0.000862864195369184, -0.010809770785272121, 1.5289593935012817, 0.28016722202301025, 0.0174490325152874, -0.049854375422000885]","[337.0, 2.0, 1.0, 4.0, 10.0, 935.0]","[70.0, 15.0, 0.0, 15.0, 589.0, 988.0]","[0.010989047586917877, 0.17077597975730896, 0.11408980190753937, 0.9497050046920776, -1.0464584827423096, -0.3070177137851715, 0.003998547792434692, 0.0026646852493286133, -0.4756377339363098, 0.002270430326461792, 0.048866838216781616, 0.3588308095932007, -0.29389268159866333, -0.15749415755271912, 0.30000025033950806, 0.30000030994415283, 0.29999998211860657, 0.19999970495700836, 0.10000041872262955, 0.0, 0.8857314586639404, 0.8850737810134888, 0.8850312232971191, 0.8826788663864136, 0.7824845910072327, 0.0]","[-0.23482058942317963, 1.7785805463790894, 0.8355419039726257, 2.0210814476013184, -1.2850821018218994, 0.09128551185131073, -0.2198762595653534, 0.04321679100394249, -0.01913713477551937, 0.002270430326461792, 1.508959412574768, 0.3001672327518463, -0.002550967037677765, -0.06985437870025635]","[257.0, 0.30000030994415283, 0.2999999523162842, 0.19999980926513672, 0.10000038146972656, 855.0]","[0.8857345581054688, 0.8850736618041992, 0.8850312232971191, 0.8826789855957031, 509.0, 908.0]","[0.3686946928501129, 0.21286380290985107, -0.19910591840744019, 0.13923272490501404, -1.19884192943573, -0.0908883661031723, 0.28740569949150085, 0.3476983308792114, -0.43169575929641724, 0.26569026708602905, 0.26020148396492004, 0.4339008629322052, -0.09499895572662354, 0.10699516534805298, 0.30000001192092896, 0.29899999499320984, 0.29899999499320984, 0.19900000095367432, 1.0, 0.0, 0.8980000019073486, 0.8989999890327454, 0.8999999761581421, 0.8999999761581421, 0.8009999990463257, 0.0]","[0.24637237191200256, 0.28585565090179443, -0.1454000324010849, -0.054658032953739166, -1.1008025407791138, -0.2161467969417572, 0.12908940017223358, 0.27248266339302063, -0.4279784858226776, 0.30493438243865967, 0.23247240483760834, 0.44536468386650085, -0.17082545161247253, 0.14122359454631805, 0.30000001192092896, 0.30000001192092896, 0.30000001192092896, 0.20000000298023224, 0.10000000149011612, 0.0, 0.8999999761581421, 0.8999999761581421, 0.8999999761581421, 0.8999999761581421, 0.800000011920929, 0.0]"
16,16,16,0.005698176999430871,0.0787628730013239,False,"[-0.2548205852508545, 1.7985925674438477, 0.8555418848991394, 2.041069269180298, -1.305082082748413, 0.11128551512956619, -0.2398882359266281, 0.06322877109050751, 0.0008388957940042019, -0.01079778652638197, 1.5289474725723267, 0.28019118309020996, 0.017437048256397247, -0.04986635968089104]","[337.0, 2.0, 1.0, 4.0, 10.0, 935.0]","[70.0, 15.0, 0.0, 15.0, 589.0, 988.0]","[0.0034451670944690704, 0.1673775613307953, 0.10930825769901276, 0.9479888677597046, -1.0490974187850952, -0.30539724230766296, 0.007317006587982178, -0.02494591474533081, -0.4833301603794098, -0.0013079345226287842, 0.03072047233581543, 0.3638273775577545, -0.29545608162879944, -0.16864462196826935, 0.30000025033950806, 0.30000028014183044, 0.30000001192092896, 0.19999974966049194, 0.10000038892030716, 0.0, 0.8865152597427368, 0.8859278559684753, 0.8859003186225891, 0.8836706280708313, 0.7834869623184204, 0.0]","[-0.23482058942317963, 1.778592586517334, 0.8355419039726257, 2.021069288253784, -1.2850821018218994, 0.09128551185131073, -0.21988824009895325, 0.04322877153754234, -0.019161103293299675, -0.0013079345226287842, 1.508947491645813, 0.300191193819046, -0.002562951296567917, -0.0698663592338562]","[257.0, 0.30000030994415283, 0.30000001192092896, 0.19999980926513672, 0.10000038146972656, 855.0]","[0.8865127563476562, 0.8859281539916992, 0.8859003186225891, 0.8836708068847656, 509.0, 908.0]","[0.3686946928501129, 0.21287579834461212, -0.1995253711938858, 0.13923272490501404, -1.1988060474395752, -0.0908883661031723, 0.2874176800251007, 0.3476503789424896, -0.4324747323989868, 0.2660258412361145, 0.2601895034313202, 0.433804988861084, -0.09501093626022339, 0.10698317736387253, 0.30000001192092896, 0.29899999499320984, 0.29899999499320984, 0.19900000095367432, 1.0, 0.0, 0.8980000019073486, 0.8989999890327454, 0.8999999761581421, 0.8999999761581421, 0.8009999990463257, 0.0]","[0.24674375355243683, 0.2856728434562683, -0.145380899310112, -0.05598191171884537, -1.0989303588867188, -0.21495096385478973, 0.13138623535633087, 0.2723100483417511, -0.4281614422798157, 0.3055116534233093, 0.23066066205501556, 0.44632935523986816, -0.169511079788208, 0.13948003947734833, 0.30000001192092896, 0.30000001192092896, 0.30000001192092896, 0.20000000298023224, 0.10000000149011612, 0.0, 0.8999999761581421, 0.8999999761581421, 0.8999999761581421, 0.8999999761581421, 0.800000011920929, 0.0]"
17,17,17,0.006217174999619601,0.06480930100042315,False,"[-0.25480860471725464, 1.7986044883728027, 0.8555298447608948, 2.041069269180298, -1.3051060438156128, 0.11127353459596634, -0.23987625539302826, 0.0632048025727272, 0.0008388957940042019, -0.01079778652638197, 1.5289593935012817, 0.28019118309020996, 0.0174490325152874, -0.04986635968089104]","[337.0, 2.0, 1.0, 4.0, 10.0, 935.0]","[70.0, 15.0, 0.0, 15.0, 589.0, 988.0]","[0.0031278096139431, 0.17454937100410461, 0.10951976478099823, 0.9273699522018433, -1.0478030443191528, -0.2971162796020508, 0.008761703968048096, -0.003125816583633423, -0.4760133624076843, -0.00767064094543457, 0.04792812466621399, 0.37581953406333923, -0.28831443190574646, -0.16183903813362122, 0.30000025033950806, 0.3000003397464752, 0.2999999523162842, 0.19999967515468597, 0.10000047832727432, 0.0, 0.889041006565094, 0.8882290720939636, 0.8881800174713135, 0.8863881826400757, 0.7861505746841431, 0.0]","[-0.23480860888957977, 1.778604507446289, 0.8355298638343811, 2.021069288253784, -1.2851060628890991, 0.09127353131771088, -0.2198762595653534, 0.04320480301976204, -0.019161103293299675, -0.00767064094543457, 1.508959412574768, 0.300191193819046, -0.002550967037677765, -0.0698663592338562]","[257.0, 0.30000030994415283, 0.2999999523162842, 0.19999957084655762, 0.10000038146972656, 855.0]","[0.8890380859375, 0.8882293701171875, 0.8881800174713135, 0.886387825012207, 509.0, 908.0]","[0.36870667338371277, 0.21286380290985107, -0.19994480907917023, 0.13924472033977509, -1.1987221240997314, -0.09087637811899185, 0.2874176800251007, 0.3476863503456116, -0.4325226843357086, 0.2668287754058838, 0.2602134943008423, 0.4336491823196411, -0.09499895572662354, 0.10699516534805298, 0.30000001192092896, 0.29899999499320984, 0.29899999499320984, 0.19900000095367432, 1.0, 0.0, 0.8980000019073486, 0.8989999890327454, 0.8999999761581421, 0.8999999761581421, 0.8009999990463257, 0.0]","[0.24793070554733276, 0.2854789197444916, -0.1462482064962387, -0.056893087923526764, -1.098655104637146, -0.2151414304971695, 0.13273178040981293, 0.2728598713874817, -0.4277365803718567, 0.30680051445961, 0.22997498512268066, 0.4450470209121704, -0.16894324123859406, 0.13757272064685822, 0.30000001192092896, 0.30000001192092896, 0.30000001192092896, 0.20000000298023224, 0.10000000149011612, 0.0, 0.8999999761581421, 0.8999999761581421, 0.8999999761581421, 0.8999999761581421, 0.800000011920929, 0.0]"
18,18,18,0.0072148929994000355,0.09342466599991894,False,"[-0.2548205852508545, 1.798580527305603, 0.8555418848991394, 2.041081428527832, -1.3050941228866577, 0.11126154661178589, -0.23990021646022797, 0.06321679055690765, 0.000862864195369184, -0.01079778652638197, 1.5289593935012817, 0.2801792025566101, 0.01746101677417755, -0.049854375422000885]","[337.0, 2.0, 1.0, 4.0, 10.0, 935.0]","[70.0, 15.0, 0.0, 15.0, 589.0, 988.0]","[0.012774493545293808, 0.17128652334213257, 0.11867399513721466, 0.941270112991333, -1.0486294031143188, -0.3053888976573944, 0.00460699200630188, 0.009730368852615356, -0.4783157408237457, -0.005234062671661377, 0.03568771481513977, 0.3678249716758728, -0.2906387448310852, -0.1435527801513672, 0.30000025033950806, 0.30000030994415283, 0.29999998211860657, 0.19999970495700836, 0.10000041872262955, 0.0, 0.8863133192062378, 0.885653555393219, 0.8856143355369568, 0.8833588361740112, 0.7831586599349976, 0.0]","[-0.23482058942317963, 1.7785805463790894, 0.8355419039726257, 2.0210814476013184, -1.285094141960144, 0.09126155078411102, -0.2199002206325531, 0.04321679100394249, -0.01913713477551937, -0.005234062671661377, 1.508959412574768, 0.30017921328544617, -0.002538982778787613, -0.06985437870025635]","[257.0, 0.30000030994415283, 0.2999999523162842, 0.19999980926513672, 0.10000038146972656, 855.0]","[0.8863143920898438, 0.8856534957885742, 0.8856143355369568, 0.8833589553833008, 509.0, 908.0]","[0.36868271231651306, 0.21287579834461212, -0.20049609243869781, 0.13920876383781433, -1.198686122894287, -0.0908883661031723, 0.2874176800251007, 0.3476623594760895, -0.4324986934661865, 0.2676796615123749, 0.2601895034313202, 0.4335533082485199, -0.09499895572662354, 0.10698317736387253, 0.30000001192092896, 0.29899999499320984, 0.29899999499320984, 0.19900000095367432, 1.0, 0.0, 0.8980000019073486, 0.8989999890327454, 0.8999999761581421, 0.8999999761581421, 0.8009999990463257, 0.0]","[0.2496410459280014, 0.2856175899505615, -0.14708510041236877, -0.05775830149650574, -1.0987924337387085, -0.21559378504753113, 0.13357216119766235, 0.27350687980651855, -0.42771536111831665, 0.30792292952537537, 0.22880946099758148, 0.4425937831401825, -0.16821904480457306, 0.13788965344429016, 0.30000001192092896, 0.30000001192092896, 0.30000001192092896, 0.20000000298023224, 0.10000000149011612, 0.0, 0.8999999761581421, 0.8999999761581421, 0.8999999761581421, 0.8999999761581421, 0.800000011920929, 0.0]"
19,19,19,0.0057538139990356285,0.06636274499942374,False,"[-0.2548205852508545, 1.7985925674438477, 0.8555418848991394, 2.041069269180298, -1.305082082748413, 0.11127353459596634, -0.23987625539302826, 0.0632048025727272, 0.000862864195369184, -0.01079778652638197, 1.5289593935012817, 0.28019118309020996, 0.01746101677417755, -0.04986635968089104]","[337.0, 2.0, 1.0, 4.0, 10.0, 935.0]","[70.0, 15.0, 0.0, 15.0, 589.0, 988.0]","[0.003643937408924103, 0.1746668964624405, 0.10666157305240631, 0.9165353775024414, -1.052430272102356, -0.300394207239151, -0.0014244019985198975, -0.00816914439201355, -0.4849611520767212, -0.000823974609375, 0.030344158411026, 0.3541850447654724, -0.29454296827316284, -0.1612226665019989, 0.30000028014183044, 0.30000030994415283, 0.29999998211860657, 0.19999970495700836, 0.10000044107437134, 0.0, 0.8842421770095825, 0.8835543394088745, 0.8835062384605408, 0.8809100985527039, 0.78071129322052, 0.0]","[-0.23482058942317963, 1.778592586517334, 0.8355419039726257, 2.021069288253784, -1.2850821018218994, 0.09127353131771088, -0.2198762595653534, 0.04320480301976204, -0.01913713477551937, -0.000823974609375, 1.508959412574768, 0.300191193819046, -0.002538982778787613, -0.0698663592338562]","[257.0, 0.30000030994415283, 0.2999999523162842, 0.19999980926513672, 0.10000038146972656, 855.0]","[0.8842391967773438, 0.8835544586181641, 0.8835062384605408, 0.8809099197387695, 509.0, 908.0]","[0.36870667338371277, 0.21294769644737244, -0.2018742710351944, 0.13920876383781433, -1.1984584331512451, -0.09090034663677216, 0.2874176800251007, 0.3476863503456116, -0.4325226843357086, 0.2694173753261566, 0.26017752289772034, 0.4324507713317871, -0.09502292424440384, 0.10698317736387253, 0.30000001192092896, 0.29899999499320984, 0.29899999499320984, 0.19900000095367432, 1.0, 0.0, 0.8980000019073486, 0.8989999890327454, 0.8999999761581421, 0.8999999761581421, 0.8009999990463257, 0.0]","[0.2522291839122772, 0.28537362813949585, -0.1475476175546646, -0.05973705276846886, -1.0964072942733765, -0.21562545001506805, 0.13453291356563568, 0.27535003423690796, -0.42779844999313354, 0.30940353870391846, 0.22515060007572174, 0.43091464042663574, -0.16948916018009186, 0.1409388780593872, 0.30000001192092896, 0.30000001192092896, 0.30000001192092896, 0.20000000298023224, 0.10000000149011612, 0.0, 0.8999999761581421, 0.8999999761581421, 0.8999999761581421, 0.8999999761581421, 0.800000011920929, 0.0]"
20,20,20,0.0048091700009536,0.08222803700118675,False,"[-0.2548205852508545, 1.798580527305603, 0.8555298447608948, 2.041069269180298, -1.305082082748413, 0.11126154661178589, -0.2398642748594284, 0.06321679055690765, 0.000862864195369184, -0.01079778652638197, 1.5289714336395264, 0.2801792025566101, 0.01746101677417755, -0.04986635968089104]","[337.0, 2.0, 1.0, 4.0, 10.0, 935.0]","[70.0, 15.0, 0.0, 15.0, 589.0, 988.0]","[0.002316746860742569, 0.17118871212005615, 0.10806399583816528, 0.9224947094917297, -1.0506236553192139, -0.300944447517395, 0.007933944463729858, -0.01243022084236145, -0.4821730852127075, -0.006496638059616089, 0.024885475635528564, 0.36672285199165344, -0.2945776581764221, -0.17362040281295776, 0.30000025033950806, 0.30000030994415283, 0.29999998211860657, 0.19999970495700836, 0.10000045597553253, 0.0, 0.8855597972869873, 0.8848274946212769, 0.8847838640213013, 0.8824077844619751, 0.7821910381317139, 0.0]","[-0.23482058942317963, 1.7785805463790894, 0.8355298638343811, 2.021069288253784, -1.2850821018218994, 0.09126155078411102, -0.21986427903175354, 0.04321679100394249, -0.01913713477551937, -0.006496638059616089, 1.5089714527130127, 0.30017921328544617, -0.002538982778787613, -0.0698663592338562]","[257.0, 0.30000030994415283, 0.2999999523162842, 0.19999980926513672, 0.10000038146972656, 855.0]","[0.88555908203125, 0.8848276138305664, 0.8847838640213013, 0.8824081420898438, 509.0, 908.0]","[0.3687186539173126, 0.2130076140165329, -0.2025453895330429, 0.13923272490501404, -1.1976076364517212, -0.0909123346209526, 0.2874176800251007, 0.34772229194641113, -0.43253466486930847, 0.2710232436656952, 0.26015356183052063, 0.43188750743865967, -0.09501093626022339, 0.10700714588165283, 0.30000001192092896, 0.29899999499320984, 0.29899999499320984, 0.19900000095367432, 1.0, 0.0, 0.8980000019073486, 0.8989999890327454, 0.8999999761581421, 0.8999999761581421, 0.8009999990463257, 0.0]","[0.25537216663360596, 0.2854381799697876, -0.14580973982810974, -0.0632423385977745, -1.0961565971374512, -0.21434271335601807, 0.13511966168880463, 0.2777915894985199, -0.4296104609966278, 0.3083878457546234, 0.22066162526607513, 0.4206000566482544, -0.17053291201591492, 0.14633610844612122, 0.30000001192092896, 0.30000001192092896, 0.30000001192092896, 0.20000000298023224, 0.10000000149011612, 0.0, 0.8999999761581421, 0.8999999761581421, 0.8999999761581421, 0.8999999761581421, 0.800000011920929, 0.0]"
21,21,21,0.005400973999712733,0.058131126999796834,False,"[-0.2548205852508545, 1.7986044883728027, 0.8555418848991394, 2.041081428527832, -1.305082082748413, 0.11127353459596634, -0.2398882359266281, 0.06322877109050751, 0.000862864195369184, -0.01079778652638197, 1.528935432434082, 0.28019118309020996, 0.01746101677417755, -0.049854375422000885]","[337.0, 2.0, 1.0, 4.0, 10.0, 935.0]","[70.0, 15.0, 0.0, 15.0, 589.0, 988.0]","[0.01357901468873024, 0.17016638815402985, 0.11997546255588531, 0.9300146698951721, -1.0495389699935913, -0.30521851778030396, 0.01627528667449951, 0.022418230772018433, -0.47821754217147827, -0.015873640775680542, 0.014433562755584717, 0.38367605209350586, -0.28970471024513245, -0.14562538266181946, 0.30000025033950806, 0.30000030994415283, 0.29999998211860657, 0.19999970495700836, 0.10000044852495193, 0.0, 0.885036289691925, 0.8843061327934265, 0.8842638731002808, 0.881802499294281, 0.7815822958946228, 0.0]","[-0.23482058942317963, 1.778604507446289, 0.8355419039726257, 2.0210814476013184, -1.2850821018218994, 0.09127353131771088, -0.21988824009895325, 0.04322877153754234, -0.01913713477551937, -0.015873640775680542, 1.5089354515075684, 0.300191193819046, -0.002538982778787613, -0.06985437870025635]","[257.0, 0.30000030994415283, 0.2999999523162842, 0.19999980926513672, 0.10000038146972656, 855.0]","[0.8850326538085938, 0.8843059539794922, 0.8842638731002808, 0.8818025588989258, 509.0, 908.0]","[0.368802547454834, 0.2130076140165329, -0.20321650803089142, 0.13922074437141418, -1.1953545808792114, -0.0908883661031723, 0.2874176800251007, 0.3476863503456116, -0.43253466486930847, 0.2726171612739563, 0.2601415812969208, 0.42914313077926636, -0.09501093626022339, 0.1074385792016983, 0.30000001192092896, 0.29899999499320984, 0.29899999499320984, 0.19900000095367432, 1.0, 0.0, 0.8980000019073486, 0.8989999890327454, 0.8999999761581421, 0.8999999761581421, 0.8009999990463257, 0.0]","[0.25542905926704407, 0.2870965301990509, -0.14516137540340424, -0.06493117660284042, -1.0961320400238037, -0.21327124536037445, 0.13717694580554962, 0.2770364582538605, -0.43209612369537354, 0.30878493189811707, 0.2168765813112259, 0.40761056542396545, -0.17177802324295044, 0.15143783390522003, 0.30000001192092896, 0.30000001192092896, 0.30000001192092896, 0.20000000298023224, 0.10000000149011612, 0.0, 0.8999999761581421, 0.8999999761581421, 0.8999999761581421, 0.8999999761581421, 0.800000011920929, 0.0]"
22,22,22,0.005115046000355505,0.07463743500011333,False,"[-0.2548205852508545, 1.7985925674438477, 0.8555298447608948, 2.041081428527832, -1.305082082748413, 0.11127353459596634, -0.23990021646022797, 0.0632048025727272, 0.0008388957940042019, -0.01079778652638197, 1.5289474725723267, 0.28016722202301025, 0.017484985291957855, -0.04986635968089104]","[337.0, 2.0, 1.0, 4.0, 10.0, 935.0]","[70.0, 15.0, 0.0, 15.0, 589.0, 988.0]","[0.010041370987892151, 0.1725698858499527, 0.1139364242553711, 0.917709469795227, -1.0522209405899048, -0.30254507064819336, 0.007463186979293823, 0.007556706666946411, -0.48234519362449646, -0.013787686824798584, 0.013024687767028809, 0.3794703483581543, -0.2897612154483795, -0.1439540684223175, 0.30000025033950806, 0.30000030994415283, 0.29999998211860657, 0.19999971985816956, 0.10000043362379074, 0.0, 0.8867521286010742, 0.8860784769058228, 0.8860425353050232, 0.883857011795044, 0.7836523652076721, 0.0]","[-0.23482058942317963, 1.778592586517334, 0.8355298638343811, 2.0210814476013184, -1.2850821018218994, 0.09127353131771088, -0.2199002206325531, 0.04320480301976204, -0.019161103293299675, -0.013787686824798584, 1.508947491645813, 0.3001672327518463, -0.002515014261007309, -0.0698663592338562]","[257.0, 0.30000030994415283, 0.2999999523162842, 0.19999980926513672, 0.10000038146972656, 855.0]","[0.886749267578125, 0.8860788345336914, 0.8860425353050232, 0.8838567733764648, 509.0, 908.0]","[0.36881452798843384, 0.2130076140165329, -0.203623965382576, 0.13920876383781433, -1.19507896900177, -0.09090034663677216, 0.2874176800251007, 0.3476623594760895, -0.4325226843357086, 0.273012638092041, 0.26011762022972107, 0.4264107048511505, -0.09503490477800369, 0.10778611898422241, 0.30000001192092896, 0.29899999499320984, 0.29899999499320984, 0.19900000095367432, 1.0, 0.0, 0.8980000019073486, 0.8989999890327454, 0.8999999761581421, 0.8999999761581421, 0.8009999990463257, 0.0]","[0.2562963664531708, 0.287356436252594, -0.14446742832660675, -0.06444334238767624, -1.096207857131958, -0.2130190134048462, 0.13666509091854095, 0.27733102440834045, -0.43512162566185, 0.30909013748168945, 0.211900532245636, 0.401600182056427, -0.17250843346118927, 0.15673644840717316, 0.30000001192092896, 0.30000001192092896, 0.30000001192092896, 0.20000000298023224, 0.10000000149011612, 0.0, 0.8999999761581421, 0.8999999761581421, 0.8999999761581421, 0.8999999761581421, 0.800000011920929, 0.0]"
23,23,23,0.007507043001169222,0.06792746799874294,False,"[-0.25480860471725464, 1.7986044883728027, 0.8555298447608948, 2.041081428527832, -1.3051060438156128, 0.11127353459596634, -0.2398642748594284, 0.0632048025727272, 0.0008388957940042019, -0.01079778652638197, 1.528935432434082, 0.2801792025566101, 0.0174490325152874, -0.04986635968089104]","[337.0, 2.0, 1.0, 5.0, 10.0, 935.0]","[70.0, 15.0, 0.0, 15.0, 589.0, 988.0]","[0.0062737129628658295, 0.17090800404548645, 0.11768004298210144, 0.9279003739356995, -1.0520565509796143, -0.3059603273868561, 0.01940140128135681, 0.006842494010925293, -0.4790826439857483, -0.019255250692367554, 0.010228216648101807, 0.4018302857875824, -0.2866729199886322, -0.143031507730484, 0.30000025033950806, 0.30000030994415283, 0.29999998211860657, 0.19999971985816956, 0.10000045597553253, 0.0, 0.8847107887268066, 0.8839912414550781, 0.8839577436447144, 0.8814365267753601, 0.7812122106552124, 0.0]","[-0.23480860888957977, 1.778604507446289, 0.8355298638343811, 2.0210814476013184, -1.2851060628890991, 0.09127353131771088, -0.21986427903175354, 0.04320480301976204, -0.019161103293299675, -0.019255250692367554, 1.5089354515075684, 0.30017921328544617, -0.002550967037677765, -0.0698663592338562]","[257.0, 0.30000030994415283, 0.2999999523162842, 0.19999980926513672, 0.10000038146972656, 855.0]","[0.8847122192382812, 0.8839912414550781, 0.8839577436447144, 0.8814363479614258, 509.0, 908.0]","[0.3688504695892334, 0.21299563348293304, -0.20409135520458221, 0.13920876383781433, -1.1948871612548828, -0.09090034663677216, 0.28740569949150085, 0.3475305438041687, -0.4329301416873932, 0.27345603704452515, 0.25997379422187805, 0.4170750081539154, -0.09501093626022339, 0.11009907722473145, 0.30000001192092896, 0.29899999499320984, 0.29899999499320984, 0.19900000095367432, 1.0, 0.0, 0.8980000019073486, 0.8989999890327454, 0.8999999761581421, 0.8999999761581421, 0.8009999990463257, 0.0]","[0.25643524527549744, 0.2886839210987091, -0.1433415561914444, -0.06583522260189056, -1.0969393253326416, -0.2113111913204193, 0.13865292072296143, 0.27664831280708313, -0.4410325288772583, 0.3104521632194519, 0.19979724287986755, 0.39532366394996643, -0.17866481840610504, 0.17146676778793335, 0.30000001192092896, 0.30000001192092896, 0.30000001192092896, 0.20000000298023224, 0.10000000149011612, 0.0, 0.8999999761581421, 0.8999999761581421, 0.8999999761581421, 0.8999999761581421, 0.800000011920929, 0.0]"
24,24,24,0.005772376998720574,0.08133505700061505,False,"[-0.2548205852508545, 1.7986044883728027, 0.8555418848991394, 2.041081428527832, -1.305082082748413, 0.11127353459596634, -0.23987625539302826, 0.0632048025727272, 0.0008388957940042019, -0.010785802267491817, 1.5289593935012817, 0.28019118309020996, 0.0174490325152874, -0.04989032819867134]","[337.0, 2.0, 1.0, 4.0, 10.0, 935.0]","[70.0, 15.0, 0.0, 15.0, 589.0, 988.0]","[0.0070103928446769714, 0.1700201779603958, 0.12328968942165375, 0.9296301603317261, -1.0485379695892334, -0.3056504726409912, 0.019893914461135864, 0.0015138089656829834, -0.4797326326370239, -0.0311029851436615, -0.027963489294052124, 0.4105328917503357, -0.29039686918258667, -0.1451418697834015, 0.30000025033950806, 0.30000030994415283, 0.29999998211860657, 0.19999976456165314, 0.10000044107437134, 0.0, 0.8882089257240295, 0.8875228762626648, 0.8875023722648621, 0.8855592012405396, 0.7853311896324158, 0.0]","[-0.23482058942317963, 1.778604507446289, 0.8355419039726257, 2.0210814476013184, -1.2850821018218994, 0.09127353131771088, -0.2198762595653534, 0.04320480301976204, -0.019161103293299675, -0.030785802751779556, 1.508959412574768, 0.300191193819046, -0.002550967037677765, -0.0698903277516365]","[257.0, 0.30000030994415283, 0.2999999523162842, 0.19999980926513672, 0.10000038146972656, 855.0]","[0.8882064819335938, 0.8875226974487305, 0.8875023722648621, 0.88555908203125, 509.0, 908.0]","[0.36893436312675476, 0.21299563348293304, -0.2042950838804245, 0.13922074437141418, -1.1945515871047974, -0.09087637811899185, 0.28742966055870056, 0.34744665026664734, -0.4355067312717438, 0.2739593982696533, 0.25939854979515076, 0.41224536299705505, -0.09503490477800369, 0.1173735037446022, 0.30000001192092896, 0.29899999499320984, 0.29899999499320984, 0.19900000095367432, 1.0, 0.0, 0.8980000019073486, 0.8989999890327454, 0.8999999761581421, 0.8999999761581421, 0.8009999990463257, 0.0]","[0.25474411249160767, 0.29137325286865234, -0.14343592524528503, -0.0692114382982254, -1.0993103981018066, -0.20886261761188507, 0.14271201193332672, 0.2730638384819031, -0.4477461576461792, 0.3140983283519745, 0.18444325029850006, 0.38699766993522644, -0.18378792703151703, 0.18100762367248535, 0.30000001192092896, 0.30000001192092896, 0.30000001192092896, 0.20000000298023224, 0.10000000149011612, 0.0, 0.8999999761581421, 0.8999999761581421, 0.8999999761581421, 0.8999999761581421, 0.800000011920929, 0.0]"
25,25,25,0.006707986000037636,0.06466244200055371,False,"[-0.25483256578445435, 1.7985925674438477, 0.8555418848991394, 2.041081428527832, -1.3051060438156128, 0.11127353459596634, -0.23985227942466736, 0.06321679055690765, 0.000862864195369184, -0.01079778652638197, 1.5289593935012817, 0.2801792025566101, 0.0174490325152874, -0.04986635968089104]","[337.0, 2.0, 1.0, 4.0, 10.0, 935.0]","[70.0, 14.0, 0.0, 15.0, 589.0, 988.0]","[0.007806003093719482, 0.17394088208675385, 0.12063382565975189, 0.9046907424926758, -1.0565180778503418, -0.3015093207359314, 0.018710404634475708, 0.014323979616165161, -0.4781801104545593, -0.028931081295013428, -0.002448439598083496, 0.4107713997364044, -0.2855464220046997, -0.14407068490982056, 0.30000025033950806, 0.3000003397464752, 0.29999998211860657, 0.19999970495700836, 0.10000049322843552, 0.0, 0.8869993686676025, 0.8862029314041138, 0.8861638307571411, 0.8840258717536926, 0.7837854623794556, 0.0]","[-0.23483256995677948, 1.778592586517334, 0.8355419039726257, 2.0210814476013184, -1.2851060628890991, 0.09127353131771088, -0.2198522835969925, 0.04321679100394249, -0.01913713477551937, -0.028931081295013428, 1.508959412574768, 0.30017921328544617, -0.002550967037677765, -0.0698663592338562]","[257.0, 0.30000030994415283, 0.2999999523162842, 0.19999980926513672, 0.10000038146972656, 855.0]","[0.8870010375976562, 0.8862028121948242, 0.8861638307571411, 0.8840255737304688, 509.0, 908.0]","[0.3689942955970764, 0.21304357051849365, -0.20433104038238525, 0.13920876383781433, -1.194503664970398, -0.0908883661031723, 0.28742966055870056, 0.3474107086658478, -0.43989297747612, 0.2748701870441437, 0.25692981481552124, 0.4092133641242981, -0.09503490477800369, 0.12826716899871826, 0.30000001192092896, 0.29899999499320984, 0.29899999499320984, 0.19900000095367432, 1.0, 0.0, 0.8980000019073486, 0.8989999890327454, 0.8999999761581421, 0.8999999761581421, 0.8009999990463257, 0.0]","[0.25306999683380127, 0.2938031256198883, -0.14466597139835358, -0.0710282251238823, -1.1016950607299805, -0.20783229172229767, 0.1453450620174408, 0.26878318190574646, -0.4530826210975647, 0.318289577960968, 0.17322060465812683, 0.3728616237640381, -0.19114838540554047, 0.1838170737028122, 0.30000001192092896, 0.30000001192092896, 0.30000001192092896, 0.20000000298023224, 0.10000000149011612, 0.0, 0.8999999761581421, 0.8999999761581421, 0.8999999761581421, 0.8999999761581421, 0.800000011920929, 0.0]"
26,26,26,0.008226122999985819,0.08068373599962797,False,"[-0.25483256578445435, 1.7986044883728027, 0.8555538654327393, 2.041069269180298, -1.305082082748413, 0.11127353459596634, -0.23987625539302826, 0.06321679055690765, 0.000862864195369184, -0.010809770785272121, 1.5289474725723267, 0.2801792025566101, 0.0174490325152874, -0.04986635968089104]","[337.0, 2.0, 1.0, 4.0, 10.0, 935.0]","[70.0, 15.0, 0.0, 15.0, 589.0, 988.0]","[0.005541305989027023, 0.1713416427373886, 0.12195853888988495, 0.9103829860687256, -1.059106469154358, -0.304559588432312, 0.023618638515472412, 0.013049066066741943, -0.4776352047920227, -0.028223037719726562, -0.004797488451004028, 0.40857452154159546, -0.2872825264930725, -0.15013805031776428, 0.30000025033950806, 0.3000003397464752, 0.29999998211860657, 0.19999967515468597, 0.10000050812959671, 0.0, 0.8849000334739685, 0.8840421438217163, 0.8840009570121765, 0.8815174102783203, 0.7812599539756775, 0.0]","[-0.23483256995677948, 1.778604507446289, 0.8355538845062256, 2.021069288253784, -1.2850821018218994, 0.09127353131771088, -0.2198762595653534, 0.04321679100394249, -0.01913713477551937, -0.028223037719726562, 1.508947491645813, 0.30017921328544617, -0.002550967037677765, -0.0698663592338562]","[257.0, 0.30000030994415283, 0.2999999523162842, 0.19999957084655762, 0.10000038146972656, 855.0]","[0.8849029541015625, 0.8840417861938477, 0.8840009570121765, 0.8815174102783203, 509.0, 908.0]","[0.3689942955970764, 0.21304357051849365, -0.20437897741794586, 0.13920876383781433, -1.1945276260375977, -0.0908883661031723, 0.2874416410923004, 0.346907377243042, -0.44252949953079224, 0.2766318619251251, 0.2544251084327698, 0.40295758843421936, -0.09513077884912491, 0.13156282901763916, 0.30000001192092896, 0.29899999499320984, 0.29899999499320984, 0.19900000095367432, 1.0, 0.0, 0.8980000019073486, 0.8989999890327454, 0.8999999761581421, 0.8999999761581421, 0.8009999990463257, 0.0]","[0.2523694336414337, 0.29450875520706177, -0.14321045577526093, -0.06948627531528473, -1.1017658710479736, -0.20699599385261536, 0.14358405768871307, 0.26376593112945557, -0.46075716614723206, 0.3203946352005005, 0.15932263433933258, 0.3656252324581146, -0.19348782300949097, 0.18789009749889374, 0.30000001192092896, 0.30000001192092896, 0.30000001192092896, 0.20000000298023224, 0.10000000149011612, 0.0, 0.8999999761581421, 0.8999999761581421, 0.8999999761581421, 0.8999999761581421, 0.800000011920929, 0.0]"
27,27,27,0.005422968999482691,0.0904402639989712,False,"[-0.25483256578445435, 1.7985565662384033, 0.8555418848991394, 2.041081428527832, -1.305070161819458, 0.11127353459596634, -0.2398882359266281, 0.0632048025727272, 0.000850879994686693, -0.01079778652638197, 1.5289593935012817, 0.28019118309020996, 0.0174490325152874, -0.049854375422000885]","[337.0, 2.0, 1.0, 4.0, 10.0, 935.0]","[70.0, 15.0, 0.0, 15.0, 589.0, 988.0]","[0.005946274846792221, 0.17194798588752747, 0.12529690563678741, 0.9054434299468994, -1.0549291372299194, -0.3059552013874054, 0.038253843784332275, 0.024958372116088867, -0.4649578630924225, -0.0363154411315918, 0.010477960109710693, 0.43129557371139526, -0.28023964166641235, -0.14849895238876343, 0.30000025033950806, 0.3000003695487976, 0.2999999523162842, 0.19999967515468597, 0.1000005304813385, 0.0, 0.8899332880973816, 0.8890132904052734, 0.888975977897644, 0.8873315453529358, 0.7870491743087769, 0.0]","[-0.23483256995677948, 1.7785565853118896, 0.8355419039726257, 2.0210814476013184, -1.2850701808929443, 0.09127353131771088, -0.21988824009895325, 0.04320480301976204, -0.019149119034409523, -0.030797787010669708, 1.508959412574768, 0.300191193819046, -0.002550967037677765, -0.06985437870025635]","[257.0, 0.3000004291534424, 0.2999999523162842, 0.19999957084655762, 0.10000038146972656, 855.0]","[0.8899307250976562, 0.8890132904052734, 0.888975977897644, 0.8873319625854492, 509.0, 908.0]","[0.3689463436603546, 0.21306754648685455, -0.20451080799102783, 0.13916082680225372, -1.1945276260375977, -0.0908883661031723, 0.28742966055870056, 0.3439113199710846, -0.4624113440513611, 0.29003024101257324, 0.236496701836586, 0.3821290135383606, -0.09501093626022339, 0.13842979073524475, 0.30000001192092896, 0.29899999499320984, 0.29899999499320984, 0.19900000095367432, 1.0, 0.0, 0.8980000019073486, 0.8989999890327454, 0.8999999761581421, 0.8999999761581421, 0.8009999990463257, 0.0]","[0.24853846430778503, 0.29801735281944275, -0.14233694970607758, -0.07444348931312561, -1.1020479202270508, -0.2026599496603012, 0.149842768907547, 0.24956659972667694, -0.47641924023628235, 0.3257269859313965, 0.11613180488348007, 0.3664149343967438, -0.1900414526462555, 0.18980996310710907, 0.30000001192092896, 0.30000001192092896, 0.30000001192092896, 0.20000000298023224, 0.10000000149011612, 0.0, 0.8999999761581421, 0.8999999761581421, 0.8999999761581421, 0.8999999761581421, 0.800000011920929, 0.0]"
28,28,28,0.00568721699892194,0.08078701200065552,False,"[-0.25483256578445435, 1.7985925674438477, 0.8555538654327393, 2.041081428527832, -1.305082082748413, 0.11127353459596634, -0.23987625539302826, 0.06321679055690765, 0.0008388957940042019, -0.01079778652638197, 1.5289593935012817, 0.28019118309020996, 0.0174490325152874, -0.049854375422000885]","[337.0, 2.0, 1.0, 4.0, 10.0, 935.0]","[70.0, 15.0, 0.0, 15.0, 589.0, 988.0]","[0.009805269539356232, 0.170242577791214, 0.1259302943944931, 0.9122836589813232, -1.0555089712142944, -0.3115367889404297, 0.027880579233169556, 0.03010675311088562, -0.47635096311569214, -0.03380134701728821, -0.023250818252563477, 0.42417144775390625, -0.28575533628463745, -0.13526834547519684, 0.30000025033950806, 0.30000030994415283, 0.29999998211860657, 0.19999973475933075, 0.10000047832727432, 0.0, 0.8821432590484619, 0.8813847899436951, 0.8813561201095581, 0.8784095048904419, 0.7781667709350586, 0.0]","[-0.23483256995677948, 1.778592586517334, 0.8355538845062256, 2.0210814476013184, -1.2850821018218994, 0.09127353131771088, -0.2198762595653534, 0.04321679100394249, -0.019161103293299675, -0.030797787010669708, 1.508959412574768, 0.300191193819046, -0.002550967037677765, -0.06985437870025635]","[257.0, 0.30000030994415283, 0.2999999523162842, 0.19999980926513672, 0.10000038146972656, 855.0]","[0.88214111328125, 0.8813848495483398, 0.8813561201095581, 0.8784093856811523, 509.0, 908.0]","[0.36898231506347656, 0.21316342055797577, -0.20460668206214905, 0.13916082680225372, -1.1945276260375977, -0.09087637811899185, 0.28742966055870056, 0.3443547189235687, -0.4803517162799835, 0.2989345192909241, 0.2132832556962967, 0.37340450286865234, -0.09503490477800369, 0.14695057272911072, 0.30000001192092896, 0.29899999499320984, 0.29899999499320984, 0.19900000095367432, 1.0, 0.0, 0.8980000019073486, 0.8989999890327454, 0.8999999761581421, 0.8999999761581421, 0.8009999990463257, 0.0]","[0.2450847178697586, 0.30282846093177795, -0.14240482449531555, -0.08087607473134995, -1.1039408445358276, -0.19864723086357117, 0.15725891292095184, 0.23377540707588196, -0.49168074131011963, 0.3279549777507782, 0.0708700567483902, 0.3722994923591614, -0.1852293461561203, 0.18778236210346222, 0.30000001192092896, 0.30000001192092896, 0.30000001192092896, 0.20000000298023224, 0.10000000149011612, 0.0, 0.8999999761581421, 0.8999999761581421, 0.8999999761581421, 0.8999999761581421, 0.800000011920929, 0.0]"
29,29,29,0.004706092000560602,0.06274691699945834,False,"[-0.25483256578445435, 1.7985925674438477, 0.8555418848991394, 2.041081428527832, -1.305082082748413, 0.11127353459596634, -0.2398882359266281, 0.0632048025727272, 0.0008388957940042019, -0.01079778652638197, 1.5289474725723267, 0.28019118309020996, 0.0174490325152874, -0.04987834393978119]","[337.0, 2.0, 1.0, 4.0, 10.0, 935.0]","[70.0, 15.0, 0.0, 15.0, 589.0, 988.0]","[0.004056505858898163, 0.1686224490404129, 0.12010718882083893, 0.915260374546051, -1.06059730052948, -0.30914103984832764, 0.03286340832710266, 0.019581377506256104, -0.4745776653289795, -0.03248360753059387, 0.010114878416061401, 0.43398571014404297, -0.28104084730148315, -0.14273884892463684, 0.30000025033950806, 0.3000003397464752, 0.29999998211860657, 0.19999969005584717, 0.10000051558017731, 0.0, 0.8823752999305725, 0.8815038204193115, 0.8814699053764343, 0.878559947013855, 0.7782965302467346, 0.0]","[-0.23483256995677948, 1.778592586517334, 0.8355419039726257, 2.0210814476013184, -1.2850821018218994, 0.09127353131771088, -0.21988824009895325, 0.04320480301976204, -0.019161103293299675, -0.030797787010669708, 1.508947491645813, 0.300191193819046, -0.002550967037677765, -0.06987833976745605]","[257.0, 0.30000030994415283, 0.2999999523162842, 0.19999980926513672, 0.10000038146972656, 855.0]","[0.8823776245117188, 0.8815040588378906, 0.8814699053764343, 0.8785600662231445, 509.0, 908.0]","[0.36893436312675476, 0.2140023112297058, -0.2046186625957489, 0.13911288976669312, -1.1945276260375977, -0.0908404290676117, 0.28745362162590027, 0.3435637652873993, -0.4897952973842621, 0.30056437849998474, 0.19178356230258942, 0.3733445703983307, -0.09462743997573853, 0.15447665750980377, 0.30000001192092896, 0.29899999499320984, 0.29899999499320984, 0.19900000095367432, 1.0, 0.0, 0.8980000019073486, 0.8989999890327454, 0.8999999761581421, 0.8999999761581421, 0.8009999990463257, 0.0]","[0.24290435016155243, 0.30435675382614136, -0.14265860617160797, -0.08382982015609741, -1.1042401790618896, -0.19627657532691956, 0.1614980697631836, 0.2244250327348709, -0.5010159611701965, 0.3277832865715027, 0.03903043270111084, 0.3731313943862915, -0.18858012557029724, 0.18825401365756989, 0.30000001192092896, 0.30000001192092896, 0.30000001192092896, 0.20000000298023224, 0.10000000149011612, 0.0, 0.8999999761581421, 0.8999999761581421, 0.8999999761581421, 0.8999999761581421, 0.800000011920929, 0.0]"
